fips,srd_code,state,year,annual_unemp_sa
01,1,Alabama,1976,6.691666667
01,1,Alabama,1977,7.125
01,1,Alabama,1978,6.45
01,1,Alabama,1979,7.233333333
01,1,Alabama,1980,8.683333333
01,1,Alabama,1981,10.75833333
01,1,Alabama,1982,13.8
01,1,Alabama,1983,13.86666667
01,1,Alabama,1984,11.38333333
01,1,Alabama,1985,9.575
01,1,Alabama,1986,9.533333333
01,1,Alabama,1987,8.2
01,1,Alabama,1988,7.266666667
01,1,Alabama,1989,6.983333333
01,1,Alabama,1990,6.825
01,1,Alabama,1991,7.266666667
01,1,Alabama,1992,7.533333333
01,1,Alabama,1993,7.25
01,1,Alabama,1994,6.166666667
01,1,Alabama,1995,5.85
01,1,Alabama,1996,5.191666667
01,1,Alabama,1997,4.95
01,1,Alabama,1998,4.458333333
01,1,Alabama,1999,4.733333333
01,1,Alabama,2000,4.641666667
01,1,Alabama,2001,5.15
01,1,Alabama,2002,5.891666667
01,1,Alabama,2003,5.95
01,1,Alabama,2004,5.575
01,1,Alabama,2005,4.458333333
01,1,Alabama,2006,4.008333333
01,1,Alabama,2007,4.066666667
01,1,Alabama,2008,5.916666667
01,1,Alabama,2009,9.733333333
01,1,Alabama,2010,10.375
01,1,Alabama,2011,9.558333333
01,1,Alabama,2012,8.175
01,1,Alabama,2013,7.358333333
01,1,Alabama,2014,6.766666667
01,1,Alabama,2015,6.083333333
01,1,Alabama,2016,5.8
01,1,Alabama,2017,4.508333333
01,1,Alabama,2018,3.925
01,1,Alabama,2019,3.191666667
01,1,Alabama,2020,6.408333333
01,1,Alabama,2021,3.35
01,1,Alabama,2022,2.491666667
01,1,Alabama,2023,2.466666667
01,1,Alabama,2024,3.058333333
01,1,Alabama,2025,3.2
02,2,Alaska,1976,7.591666667
02,2,Alaska,1977,9.825
02,2,Alaska,1978,10.60833333
02,2,Alaska,1979,9.05
02,2,Alaska,1980,9.541666667
02,2,Alaska,1981,9.216666667
02,2,Alaska,1982,10.01666667
02,2,Alaska,1983,10.125
02,2,Alaska,1984,9.9
02,2,Alaska,1985,9.8
02,2,Alaska,1986,11.025
02,2,Alaska,1987,10.15
02,2,Alaska,1988,8.783333333
02,2,Alaska,1989,7.133333333
02,2,Alaska,1990,7.25
02,2,Alaska,1991,8.308333333
02,2,Alaska,1992,8.85
02,2,Alaska,1993,7.816666667
02,2,Alaska,1994,7.55
02,2,Alaska,1995,7.316666667
02,2,Alaska,1996,7.458333333
02,2,Alaska,1997,6.983333333
02,2,Alaska,1998,6.316666667
02,2,Alaska,1999,6.35
02,2,Alaska,2000,6.291666667
02,2,Alaska,2001,6.283333333
02,2,Alaska,2002,7.166666667
02,2,Alaska,2003,7.675
02,2,Alaska,2004,7.416666667
02,2,Alaska,2005,6.925
02,2,Alaska,2006,6.616666667
02,2,Alaska,2007,6.25
02,2,Alaska,2008,6.508333333
02,2,Alaska,2009,7.833333333
02,2,Alaska,2010,7.991666667
02,2,Alaska,2011,7.608333333
02,2,Alaska,2012,7.133333333
02,2,Alaska,2013,6.925
02,2,Alaska,2014,6.741666667
02,2,Alaska,2015,6.283333333
02,2,Alaska,2016,6.625
02,2,Alaska,2017,6.608333333
02,2,Alaska,2018,6.091666667
02,2,Alaska,2019,5.6
02,2,Alaska,2020,8.283333333
02,2,Alaska,2021,6.4
02,2,Alaska,2022,4.258333333
02,2,Alaska,2023,4.241666667
02,2,Alaska,2024,4.591666667
02,2,Alaska,2025,4.7125
04,4,Arizona,1976,9.775
04,4,Arizona,1977,8.416666667
04,4,Arizona,1978,5.975
04,4,Arizona,1979,5.075
04,4,Arizona,1980,6.616666667
04,4,Arizona,1981,6.2
04,4,Arizona,1982,9.941666667
04,4,Arizona,1983,9.1
04,4,Arizona,1984,4.958333333
04,4,Arizona,1985,6.325
04,4,Arizona,1986,7.041666667
04,4,Arizona,1987,6.491666667
04,4,Arizona,1988,6.425
04,4,Arizona,1989,5.275
04,4,Arizona,1990,5.225
04,4,Arizona,1991,5.858333333
04,4,Arizona,1992,7.575
04,4,Arizona,1993,6.333333333
04,4,Arizona,1994,6.2
04,4,Arizona,1995,5.341666667
04,4,Arizona,1996,5.483333333
04,4,Arizona,1997,4.616666667
04,4,Arizona,1998,4.25
04,4,Arizona,1999,4.466666667
04,4,Arizona,2000,3.983333333
04,4,Arizona,2001,4.725
04,4,Arizona,2002,6.158333333
04,4,Arizona,2003,5.783333333
04,4,Arizona,2004,4.958333333
04,4,Arizona,2005,4.641666667
04,4,Arizona,2006,4.266666667
04,4,Arizona,2007,3.7
04,4,Arizona,2008,5.766666667
04,4,Arizona,2009,9.716666667
04,4,Arizona,2010,10.35833333
04,4,Arizona,2011,9.5
04,4,Arizona,2012,8.391666667
04,4,Arizona,2013,7.841666667
04,4,Arizona,2014,6.816666667
04,4,Arizona,2015,6.108333333
04,4,Arizona,2016,5.5
04,4,Arizona,2017,4.958333333
04,4,Arizona,2018,4.808333333
04,4,Arizona,2019,4.816666667
04,4,Arizona,2020,7.825
04,4,Arizona,2021,5.041666667
04,4,Arizona,2022,3.716666667
04,4,Arizona,2023,3.666666667
04,4,Arizona,2024,3.6
04,4,Arizona,2025,4.05
05,5,Arkansas,1976,6.9
05,5,Arkansas,1977,6.475
05,5,Arkansas,1978,6.208333333
05,5,Arkansas,1979,6.275
05,5,Arkansas,1980,7.533333333
05,5,Arkansas,1981,8.591666667
05,5,Arkansas,1982,9.483333333
05,5,Arkansas,1983,9.716666667
05,5,Arkansas,1984,8.525
05,5,Arkansas,1985,8.466666667
05,5,Arkansas,1986,8.541666667
05,5,Arkansas,1987,8.116666667
05,5,Arkansas,1988,7.666666667
05,5,Arkansas,1989,7.025
05,5,Arkansas,1990,6.875
05,5,Arkansas,1991,7.308333333
05,5,Arkansas,1992,6.991666667
05,5,Arkansas,1993,6.125
05,5,Arkansas,1994,5.458333333
05,5,Arkansas,1995,4.866666667
05,5,Arkansas,1996,5.166666667
05,5,Arkansas,1997,5.108333333
05,5,Arkansas,1998,5.041666667
05,5,Arkansas,1999,4.516666667
05,5,Arkansas,2000,4.166666667
05,5,Arkansas,2001,4.741666667
05,5,Arkansas,2002,5.333333333
05,5,Arkansas,2003,5.758333333
05,5,Arkansas,2004,5.566666667
05,5,Arkansas,2005,5.266666667
05,5,Arkansas,2006,5.233333333
05,5,Arkansas,2007,5.383333333
05,5,Arkansas,2008,5.416666667
05,5,Arkansas,2009,7.708333333
05,5,Arkansas,2010,7.833333333
05,5,Arkansas,2011,7.883333333
05,5,Arkansas,2012,7.258333333
05,5,Arkansas,2013,7.041666667
05,5,Arkansas,2014,5.875
05,5,Arkansas,2015,4.95
05,5,Arkansas,2016,3.975
05,5,Arkansas,2017,3.741666667
05,5,Arkansas,2018,3.65
05,5,Arkansas,2019,3.491666667
05,5,Arkansas,2020,6.158333333
05,5,Arkansas,2021,4.033333333
05,5,Arkansas,2022,3.175
05,5,Arkansas,2023,3.141666667
05,5,Arkansas,2024,3.466666667
05,5,Arkansas,2025,3.6875
06,6,California,1976,9.158333333
06,6,California,1977,8.383333333
06,6,California,1978,7.15
06,6,California,1979,6.216666667
06,6,California,1980,6.908333333
06,6,California,1981,7.416666667
06,6,California,1982,10.06666667
06,6,California,1983,9.833333333
06,6,California,1984,7.758333333
06,6,California,1985,7.183333333
06,6,California,1986,6.766666667
06,6,California,1987,5.833333333
06,6,California,1988,5.275
06,6,California,1989,5.108333333
06,6,California,1990,5.783333333
06,6,California,1991,7.816666667
06,6,California,1992,9.366666667
06,6,California,1993,9.55
06,6,California,1994,8.658333333
06,6,California,1995,7.9
06,6,California,1996,7.341666667
06,6,California,1997,6.4
06,6,California,1998,5.966666667
06,6,California,1999,5.283333333
06,6,California,2000,4.925
06,6,California,2001,5.458333333
06,6,California,2002,6.733333333
06,6,California,2003,6.9
06,6,California,2004,6.225
06,6,California,2005,5.391666667
06,6,California,2006,4.891666667
06,6,California,2007,5.316666667
06,6,California,2008,7.283333333
06,6,California,2009,11.45
06,6,California,2010,12.31666667
06,6,California,2011,11.73333333
06,6,California,2012,10.39166667
06,6,California,2013,9.025
06,6,California,2014,7.566666667
06,6,California,2015,6.216666667
06,6,California,2016,5.516666667
06,6,California,2017,4.833333333
06,6,California,2018,4.258333333
06,6,California,2019,4.091666667
06,6,California,2020,10.16666667
06,6,California,2021,7.35
06,6,California,2022,4.291666667
06,6,California,2023,4.725
06,6,California,2024,5.316666667
06,6,California,2025,5.3875
08,8,Colorado,1976,5.908333333
08,8,Colorado,1977,6.358333333
08,8,Colorado,1978,5.541666667
08,8,Colorado,1979,4.608333333
08,8,Colorado,1980,5.883333333
08,8,Colorado,1981,5.641666667
08,8,Colorado,1982,7.633333333
08,8,Colorado,1983,7.116666667
08,8,Colorado,1984,5.491666667
08,8,Colorado,1985,5.983333333
08,8,Colorado,1986,7.516666667
08,8,Colorado,1987,7.525
08,8,Colorado,1988,6.416666667
08,8,Colorado,1989,5.575
08,8,Colorado,1990,5.125
08,8,Colorado,1991,5.275
08,8,Colorado,1992,6.125
08,8,Colorado,1993,5.383333333
08,8,Colorado,1994,4.141666667
08,8,Colorado,1995,4.008333333
08,8,Colorado,1996,4.166666667
08,8,Colorado,1997,3.358333333
08,8,Colorado,1998,3.633333333
08,8,Colorado,1999,3.008333333
08,8,Colorado,2000,2.725
08,8,Colorado,2001,3.816666667
08,8,Colorado,2002,5.716666667
08,8,Colorado,2003,6.116666667
08,8,Colorado,2004,5.566666667
08,8,Colorado,2005,5.083333333
08,8,Colorado,2006,4.25
08,8,Colorado,2007,3.683333333
08,8,Colorado,2008,4.841666667
08,8,Colorado,2009,7.95
08,8,Colorado,2010,9.141666667
08,8,Colorado,2011,8.691666667
08,8,Colorado,2012,7.991666667
08,8,Colorado,2013,6.725
08,8,Colorado,2014,4.95
08,8,Colorado,2015,3.7
08,8,Colorado,2016,3.116666667
08,8,Colorado,2017,2.616666667
08,8,Colorado,2018,3.025
08,8,Colorado,2019,2.666666667
08,8,Colorado,2020,6.791666667
08,8,Colorado,2021,5.508333333
08,8,Colorado,2022,3.1
08,8,Colorado,2023,3.3
08,8,Colorado,2024,4.25
08,8,Colorado,2025,4.65
09,9,Connecticut,1976,9.158333333
09,9,Connecticut,1977,7.05
09,9,Connecticut,1978,5.308333333
09,9,Connecticut,1979,5.125
09,9,Connecticut,1980,5.733333333
09,9,Connecticut,1981,6.125
09,9,Connecticut,1982,6.833333333
09,9,Connecticut,1983,5.975
09,9,Connecticut,1984,4.65
09,9,Connecticut,1985,4.45
09,9,Connecticut,1986,3.733333333
09,9,Connecticut,1987,3.166666667
09,9,Connecticut,1988,2.908333333
09,9,Connecticut,1989,3.633333333
09,9,Connecticut,1990,4.916666667
09,9,Connecticut,1991,6.491666667
09,9,Connecticut,1992,7.3
09,9,Connecticut,1993,6.483333333
09,9,Connecticut,1994,5.566666667
09,9,Connecticut,1995,5.3
09,9,Connecticut,1996,5.225
09,9,Connecticut,1997,4.683333333
09,9,Connecticut,1998,3.225
09,9,Connecticut,1999,2.5
09,9,Connecticut,2000,2.158333333
09,9,Connecticut,2001,2.933333333
09,9,Connecticut,2002,4.35
09,9,Connecticut,2003,5.458333333
09,9,Connecticut,2004,5.05
09,9,Connecticut,2005,4.858333333
09,9,Connecticut,2006,4.425
09,9,Connecticut,2007,4.533333333
09,9,Connecticut,2008,5.641666667
09,9,Connecticut,2009,8.258333333
09,9,Connecticut,2010,9.491666667
09,9,Connecticut,2011,9.008333333
09,9,Connecticut,2012,8.383333333
09,9,Connecticut,2013,7.95
09,9,Connecticut,2014,6.616666667
09,9,Connecticut,2015,5.608333333
09,9,Connecticut,2016,4.875
09,9,Connecticut,2017,4.408333333
09,9,Connecticut,2018,3.9
09,9,Connecticut,2019,3.583333333
09,9,Connecticut,2020,8.008333333
09,9,Connecticut,2021,6.458333333
09,9,Connecticut,2022,4.033333333
09,9,Connecticut,2023,3.2
09,9,Connecticut,2024,3.175
09,9,Connecticut,2025,3.65
10,10,Delaware,1976,8.716666667
10,10,Delaware,1977,8.15
10,10,Delaware,1978,7.058333333
10,10,Delaware,1979,6.833333333
10,10,Delaware,1980,7.55
10,10,Delaware,1981,7.85
10,10,Delaware,1982,8.433333333
10,10,Delaware,1983,7.725
10,10,Delaware,1984,6.1
10,10,Delaware,1985,5.066666667
10,10,Delaware,1986,4.325
10,10,Delaware,1987,3.041666667
10,10,Delaware,1988,3.008333333
10,10,Delaware,1989,3.275
10,10,Delaware,1990,4.358333333
10,10,Delaware,1991,5.975
10,10,Delaware,1992,5.458333333
10,10,Delaware,1993,4.983333333
10,10,Delaware,1994,4.758333333
10,10,Delaware,1995,4.391666667
10,10,Delaware,1996,5.216666667
10,10,Delaware,1997,4.058333333
10,10,Delaware,1998,3.483333333
10,10,Delaware,1999,3.241666667
10,10,Delaware,2000,3.458333333
10,10,Delaware,2001,3.483333333
10,10,Delaware,2002,4.083333333
10,10,Delaware,2003,4.25
10,10,Delaware,2004,4.008333333
10,10,Delaware,2005,4.125
10,10,Delaware,2006,3.583333333
10,10,Delaware,2007,3.4
10,10,Delaware,2008,4.866666667
10,10,Delaware,2009,8.158333333
10,10,Delaware,2010,8.3
10,10,Delaware,2011,7.433333333
10,10,Delaware,2012,6.958333333
10,10,Delaware,2013,6.533333333
10,10,Delaware,2014,5.616666667
10,10,Delaware,2015,4.808333333
10,10,Delaware,2016,4.533333333
10,10,Delaware,2017,4.4
10,10,Delaware,2018,3.691666667
10,10,Delaware,2019,3.55
10,10,Delaware,2020,7.525
10,10,Delaware,2021,5.441666667
10,10,Delaware,2022,4.175
10,10,Delaware,2023,3.833333333
10,10,Delaware,2024,3.691666667
10,10,Delaware,2025,3.9125
12,12,Florida,1976,9.25
12,12,Florida,1977,8.266666667
12,12,Florida,1978,6.791666667
12,12,Florida,1979,5.975
12,12,Florida,1980,5.983333333
12,12,Florida,1981,6.766666667
12,12,Florida,1982,8.541666667
12,12,Florida,1983,8.625
12,12,Florida,1984,6.591666667
12,12,Florida,1985,6.091666667
12,12,Florida,1986,5.858333333
12,12,Florida,1987,5.4
12,12,Florida,1988,5.191666667
12,12,Florida,1989,5.608333333
12,12,Florida,1990,6.183333333
12,12,Florida,1991,7.675
12,12,Florida,1992,8.408333333
12,12,Florida,1993,7.408333333
12,12,Florida,1994,6.491666667
12,12,Florida,1995,5.6
12,12,Florida,1996,5.291666667
12,12,Florida,1997,4.941666667
12,12,Florida,1998,4.433333333
12,12,Florida,1999,3.941666667
12,12,Florida,2000,3.733333333
12,12,Florida,2001,4.666666667
12,12,Florida,2002,5.641666667
12,12,Florida,2003,5.291666667
12,12,Florida,2004,4.608333333
12,12,Florida,2005,3.741666667
12,12,Florida,2006,3.283333333
12,12,Florida,2007,4.008333333
12,12,Florida,2008,6.3
12,12,Florida,2009,10.21666667
12,12,Florida,2010,11.25
12,12,Florida,2011,10.18333333
12,12,Florida,2012,8.675
12,12,Florida,2013,7.516666667
12,12,Florida,2014,6.441666667
12,12,Florida,2015,5.5
12,12,Florida,2016,4.908333333
12,12,Florida,2017,4.283333333
12,12,Florida,2018,3.641666667
12,12,Florida,2019,3.241666667
12,12,Florida,2020,8.066666667
12,12,Florida,2021,4.716666667
12,12,Florida,2022,3.016666667
12,12,Florida,2023,2.95
12,12,Florida,2024,3.358333333
12,12,Florida,2025,3.6625
13,13,Georgia,1976,8.133333333
13,13,Georgia,1977,6.933333333
13,13,Georgia,1978,5.733333333
13,13,Georgia,1979,5.133333333
13,13,Georgia,1980,6.308333333
13,13,Georgia,1981,6.433333333
13,13,Georgia,1982,7.783333333
13,13,Georgia,1983,7.616666667
13,13,Georgia,1984,6.116666667
13,13,Georgia,1985,6.358333333
13,13,Georgia,1986,5.908333333
13,13,Georgia,1987,5.55
13,13,Georgia,1988,5.608333333
13,13,Georgia,1989,5.416666667
13,13,Georgia,1990,5.366666667
13,13,Georgia,1991,5.291666667
13,13,Georgia,1992,6.633333333
13,13,Georgia,1993,5.733333333
13,13,Georgia,1994,5.05
13,13,Georgia,1995,4.75
13,13,Georgia,1996,4.625
13,13,Georgia,1997,4.466666667
13,13,Georgia,1998,4.175
13,13,Georgia,1999,3.833333333
13,13,Georgia,2000,3.533333333
13,13,Georgia,2001,3.983333333
13,13,Georgia,2002,4.983333333
13,13,Georgia,2003,4.825
13,13,Georgia,2004,4.766666667
13,13,Georgia,2005,5.283333333
13,13,Georgia,2006,4.658333333
13,13,Georgia,2007,4.575
13,13,Georgia,2008,6.408333333
13,13,Georgia,2009,9.908333333
13,13,Georgia,2010,10.38333333
13,13,Georgia,2011,10.03333333
13,13,Georgia,2012,9.041666667
13,13,Georgia,2013,8.133333333
13,13,Georgia,2014,7.15
13,13,Georgia,2015,6.05
13,13,Georgia,2016,5.45
13,13,Georgia,2017,4.758333333
13,13,Georgia,2018,4.016666667
13,13,Georgia,2019,3.6
13,13,Georgia,2020,6.55
13,13,Georgia,2021,3.941666667
13,13,Georgia,2022,3.166666667
13,13,Georgia,2023,3.283333333
13,13,Georgia,2024,3.508333333
13,13,Georgia,2025,3.525
15,15,Hawaii,1976,9.125
15,15,Hawaii,1977,7.55
15,15,Hawaii,1978,6.975
15,15,Hawaii,1979,5.683333333
15,15,Hawaii,1980,4.966666667
15,15,Hawaii,1981,5.175
15,15,Hawaii,1982,6.133333333
15,15,Hawaii,1983,5.891666667
15,15,Hawaii,1984,5.416666667
15,15,Hawaii,1985,5.241666667
15,15,Hawaii,1986,4.641666667
15,15,Hawaii,1987,3.7
15,15,Hawaii,1988,3.041666667
15,15,Hawaii,1989,2.483333333
15,15,Hawaii,1990,2.608333333
15,15,Hawaii,1991,2.766666667
15,15,Hawaii,1992,4.108333333
15,15,Hawaii,1993,4.383333333
15,15,Hawaii,1994,5.141666667
15,15,Hawaii,1995,5.5
15,15,Hawaii,1996,5.891666667
15,15,Hawaii,1997,5.941666667
15,15,Hawaii,1998,5.791666667
15,15,Hawaii,1999,5.166666667
15,15,Hawaii,2000,4.233333333
15,15,Hawaii,2001,4.275
15,15,Hawaii,2002,4.041666667
15,15,Hawaii,2003,3.908333333
15,15,Hawaii,2004,3.308333333
15,15,Hawaii,2005,2.841666667
15,15,Hawaii,2006,2.566666667
15,15,Hawaii,2007,2.741666667
15,15,Hawaii,2008,4.091666667
15,15,Hawaii,2009,6.5
15,15,Hawaii,2010,6.7
15,15,Hawaii,2011,6.708333333
15,15,Hawaii,2012,5.808333333
15,15,Hawaii,2013,4.716666667
15,15,Hawaii,2014,4.225
15,15,Hawaii,2015,3.416666667
15,15,Hawaii,2016,2.908333333
15,15,Hawaii,2017,2.233333333
15,15,Hawaii,2018,2.4
15,15,Hawaii,2019,2.508333333
15,15,Hawaii,2020,11.74166667
15,15,Hawaii,2021,5.966666667
15,15,Hawaii,2022,3.258333333
15,15,Hawaii,2023,2.925
15,15,Hawaii,2024,2.95
15,15,Hawaii,2025,2.85
16,16,Idaho,1976,5.633333333
16,16,Idaho,1977,5.891666667
16,16,Idaho,1978,5.483333333
16,16,Idaho,1979,5.816666667
16,16,Idaho,1980,7.55
16,16,Idaho,1981,7.591666667
16,16,Idaho,1982,9.95
16,16,Idaho,1983,9.191666667
16,16,Idaho,1984,7.208333333
16,16,Idaho,1985,7.833333333
16,16,Idaho,1986,8.466666667
16,16,Idaho,1987,7.683333333
16,16,Idaho,1988,6.183333333
16,16,Idaho,1989,5.433333333
16,16,Idaho,1990,5.583333333
16,16,Idaho,1991,6.341666667
16,16,Idaho,1992,6.558333333
16,16,Idaho,1993,6.091666667
16,16,Idaho,1994,5.5
16,16,Idaho,1995,5.475
16,16,Idaho,1996,5.4
16,16,Idaho,1997,5.25
16,16,Idaho,1998,5.225
16,16,Idaho,1999,4.983333333
16,16,Idaho,2000,4.625
16,16,Idaho,2001,5.075
16,16,Idaho,2002,5.641666667
16,16,Idaho,2003,5.591666667
16,16,Idaho,2004,4.9
16,16,Idaho,2005,4.025
16,16,Idaho,2006,3.391666667
16,16,Idaho,2007,2.95
16,16,Idaho,2008,5.016666667
16,16,Idaho,2009,9.025
16,16,Idaho,2010,9.125
16,16,Idaho,2011,8.441666667
16,16,Idaho,2012,7.525
16,16,Idaho,2013,6.9
16,16,Idaho,2014,4.408333333
16,16,Idaho,2015,3.908333333
16,16,Idaho,2016,3.708333333
16,16,Idaho,2017,3.183333333
16,16,Idaho,2018,2.875
16,16,Idaho,2019,2.883333333
16,16,Idaho,2020,5.55
16,16,Idaho,2021,3.575
16,16,Idaho,2022,2.875
16,16,Idaho,2023,3.2
16,16,Idaho,2024,3.658333333
16,16,Idaho,2025,3.6875
17,17,Illinois,1976,6.541666667
17,17,Illinois,1977,6.2
17,17,Illinois,1978,5.983333333
17,17,Illinois,1979,5.583333333
17,17,Illinois,1980,8.133333333
17,17,Illinois,1981,8.641666667
17,17,Illinois,1982,11.31666667
17,17,Illinois,1983,11.7
17,17,Illinois,1984,9.15
17,17,Illinois,1985,9.05
17,17,Illinois,1986,8.316666667
17,17,Illinois,1987,7.441666667
17,17,Illinois,1988,6.733333333
17,17,Illinois,1989,6.05
17,17,Illinois,1990,6.316666667
17,17,Illinois,1991,7.266666667
17,17,Illinois,1992,7.891666667
17,17,Illinois,1993,7.475
17,17,Illinois,1994,5.8
17,17,Illinois,1995,5.2
17,17,Illinois,1996,5.291666667
17,17,Illinois,1997,4.783333333
17,17,Illinois,1998,4.466666667
17,17,Illinois,1999,4.425
17,17,Illinois,2000,4.458333333
17,17,Illinois,2001,5.433333333
17,17,Illinois,2002,6.55
17,17,Illinois,2003,6.75
17,17,Illinois,2004,6.191666667
17,17,Illinois,2005,5.733333333
17,17,Illinois,2006,4.625
17,17,Illinois,2007,5.058333333
17,17,Illinois,2008,6.508333333
17,17,Illinois,2009,9.966666667
17,17,Illinois,2010,10.39166667
17,17,Illinois,2011,9.766666667
17,17,Illinois,2012,9.033333333
17,17,Illinois,2013,9.075
17,17,Illinois,2014,7.158333333
17,17,Illinois,2015,5.991666667
17,17,Illinois,2016,5.883333333
17,17,Illinois,2017,4.958333333
17,17,Illinois,2018,4.391666667
17,17,Illinois,2019,3.975
17,17,Illinois,2020,9.333333333
17,17,Illinois,2021,6.1
17,17,Illinois,2022,4.583333333
17,17,Illinois,2023,4.483333333
17,17,Illinois,2024,4.991666667
17,17,Illinois,2025,4.7125
18,18,Indiana,1976,6.025
18,18,Indiana,1977,5.758333333
18,18,Indiana,1978,5.566666667
18,18,Indiana,1979,6.45
18,18,Indiana,1980,9.616666667
18,18,Indiana,1981,9.766666667
18,18,Indiana,1982,11.88333333
18,18,Indiana,1983,11.1
18,18,Indiana,1984,8.483333333
18,18,Indiana,1985,7.658333333
18,18,Indiana,1986,6.783333333
18,18,Indiana,1987,6.133333333
18,18,Indiana,1988,5.158333333
18,18,Indiana,1989,4.733333333
18,18,Indiana,1990,5.125
18,18,Indiana,1991,5.675
18,18,Indiana,1992,6.091666667
18,18,Indiana,1993,5.1
18,18,Indiana,1994,4.625
18,18,Indiana,1995,4.4
18,18,Indiana,1996,3.941666667
18,18,Indiana,1997,3.375
18,18,Indiana,1998,2.983333333
18,18,Indiana,1999,2.925
18,18,Indiana,2000,3.025
18,18,Indiana,2001,4.175
18,18,Indiana,2002,5.116666667
18,18,Indiana,2003,5.208333333
18,18,Indiana,2004,5.416666667
18,18,Indiana,2005,5.4
18,18,Indiana,2006,5.016666667
18,18,Indiana,2007,4.641666667
18,18,Indiana,2008,5.933333333
18,18,Indiana,2009,10.15833333
18,18,Indiana,2010,9.975
18,18,Indiana,2011,8.908333333
18,18,Indiana,2012,8.216666667
18,18,Indiana,2013,7.508333333
18,18,Indiana,2014,5.95
18,18,Indiana,2015,4.8
18,18,Indiana,2016,4.391666667
18,18,Indiana,2017,3.525
18,18,Indiana,2018,3.433333333
18,18,Indiana,2019,3.316666667
18,18,Indiana,2020,7.383333333
18,18,Indiana,2021,3.891666667
18,18,Indiana,2022,3.066666667
18,18,Indiana,2023,3.45
18,18,Indiana,2024,4.183333333
18,18,Indiana,2025,3.9
19,19,Iowa,1976,4.141666667
19,19,Iowa,1977,4.05
19,19,Iowa,1978,3.866666667
19,19,Iowa,1979,4.191666667
19,19,Iowa,1980,5.991666667
19,19,Iowa,1981,6.491666667
19,19,Iowa,1982,8.425
19,19,Iowa,1983,8.166666667
19,19,Iowa,1984,6.916666667
19,19,Iowa,1985,7.375
19,19,Iowa,1986,6.791666667
19,19,Iowa,1987,5.608333333
19,19,Iowa,1988,4.658333333
19,19,Iowa,1989,4.35
19,19,Iowa,1990,4.425
19,19,Iowa,1991,4.675
19,19,Iowa,1992,4.483333333
19,19,Iowa,1993,4.15
19,19,Iowa,1994,3.6
19,19,Iowa,1995,3.508333333
19,19,Iowa,1996,3.583333333
19,19,Iowa,1997,3.141666667
19,19,Iowa,1998,2.85
19,19,Iowa,1999,2.683333333
19,19,Iowa,2000,2.675
19,19,Iowa,2001,3.333333333
19,19,Iowa,2002,4
19,19,Iowa,2003,4.458333333
19,19,Iowa,2004,4.508333333
19,19,Iowa,2005,4.283333333
19,19,Iowa,2006,3.691666667
19,19,Iowa,2007,3.716666667
19,19,Iowa,2008,4.158333333
19,19,Iowa,2009,6.466666667
19,19,Iowa,2010,6.091666667
19,19,Iowa,2011,5.583333333
19,19,Iowa,2012,5.008333333
19,19,Iowa,2013,4.725
19,19,Iowa,2014,4.258333333
19,19,Iowa,2015,3.716666667
19,19,Iowa,2016,3.6
19,19,Iowa,2017,3.091666667
19,19,Iowa,2018,2.583333333
19,19,Iowa,2019,2.658333333
19,19,Iowa,2020,5.216666667
19,19,Iowa,2021,3.85
19,19,Iowa,2022,2.825
19,19,Iowa,2023,2.933333333
19,19,Iowa,2024,3.033333333
19,19,Iowa,2025,3.5375
20,20,Kansas,1976,4.141666667
20,20,Kansas,1977,3.9
20,20,Kansas,1978,3.041666667
20,20,Kansas,1979,3.091666667
20,20,Kansas,1980,4.466666667
20,20,Kansas,1981,4.291666667
20,20,Kansas,1982,6.358333333
20,20,Kansas,1983,5.9
20,20,Kansas,1984,4.933333333
20,20,Kansas,1985,5.141666667
20,20,Kansas,1986,5.366666667
20,20,Kansas,1987,4.791666667
20,20,Kansas,1988,4.491666667
20,20,Kansas,1989,4.133333333
20,20,Kansas,1990,4.275
20,20,Kansas,1991,4.475
20,20,Kansas,1992,4.558333333
20,20,Kansas,1993,4.958333333
20,20,Kansas,1994,4.775
20,20,Kansas,1995,4.333333333
20,20,Kansas,1996,4.25
20,20,Kansas,1997,3.791666667
20,20,Kansas,1998,3.691666667
20,20,Kansas,1999,3.466666667
20,20,Kansas,2000,3.741666667
20,20,Kansas,2001,4.3
20,20,Kansas,2002,5.091666667
20,20,Kansas,2003,5.583333333
20,20,Kansas,2004,5.491666667
20,20,Kansas,2005,5.083333333
20,20,Kansas,2006,4.416666667
20,20,Kansas,2007,4.258333333
20,20,Kansas,2008,4.583333333
20,20,Kansas,2009,7.041666667
20,20,Kansas,2010,6.941666667
20,20,Kansas,2011,6.35
20,20,Kansas,2012,5.683333333
20,20,Kansas,2013,5.316666667
20,20,Kansas,2014,4.525
20,20,Kansas,2015,4.175
20,20,Kansas,2016,4.05
20,20,Kansas,2017,3.641666667
20,20,Kansas,2018,3.308333333
20,20,Kansas,2019,3.15
20,20,Kansas,2020,5.825
20,20,Kansas,2021,3.391666667
20,20,Kansas,2022,2.725
20,20,Kansas,2023,2.875
20,20,Kansas,2024,3.558333333
20,20,Kansas,2025,3.8
21,21,Kentucky,1976,5.416666667
21,21,Kentucky,1977,4.866666667
21,21,Kentucky,1978,5.075
21,21,Kentucky,1979,5.55
21,21,Kentucky,1980,7.966666667
21,21,Kentucky,1981,8.633333333
21,21,Kentucky,1982,10.8
21,21,Kentucky,1983,11.25833333
21,21,Kentucky,1984,9.116666667
21,21,Kentucky,1985,8.958333333
21,21,Kentucky,1986,9.233333333
21,21,Kentucky,1987,8.25
21,21,Kentucky,1988,7.425
21,21,Kentucky,1989,6.341666667
21,21,Kentucky,1990,6.041666667
21,21,Kentucky,1991,7.275
21,21,Kentucky,1992,6.883333333
21,21,Kentucky,1993,6.225
21,21,Kentucky,1994,5.358333333
21,21,Kentucky,1995,5.391666667
21,21,Kentucky,1996,5.383333333
21,21,Kentucky,1997,5.216666667
21,21,Kentucky,1998,4.516666667
21,21,Kentucky,1999,4.508333333
21,21,Kentucky,2000,4.15
21,21,Kentucky,2001,5.158333333
21,21,Kentucky,2002,5.783333333
21,21,Kentucky,2003,6.183333333
21,21,Kentucky,2004,5.516666667
21,21,Kentucky,2005,5.841666667
21,21,Kentucky,2006,5.733333333
21,21,Kentucky,2007,5.366666667
21,21,Kentucky,2008,6.541666667
21,21,Kentucky,2009,10.625
21,21,Kentucky,2010,10.28333333
21,21,Kentucky,2011,9.375
21,21,Kentucky,2012,8.191666667
21,21,Kentucky,2013,7.916666667
21,21,Kentucky,2014,6.441666667
21,21,Kentucky,2015,5.25
21,21,Kentucky,2016,5.075
21,21,Kentucky,2017,4.75
21,21,Kentucky,2018,4.2
21,21,Kentucky,2019,4.083333333
21,21,Kentucky,2020,6.45
21,21,Kentucky,2021,4.475
21,21,Kentucky,2022,4.05
21,21,Kentucky,2023,4.291666667
21,21,Kentucky,2024,5.058333333
21,21,Kentucky,2025,5.0625
22,22,Louisiana,1976,6.633333333
22,22,Louisiana,1977,6.925
22,22,Louisiana,1978,6.808333333
22,22,Louisiana,1979,6.675
22,22,Louisiana,1980,7.033333333
22,22,Louisiana,1981,8.458333333
22,22,Louisiana,1982,10.2
22,22,Louisiana,1983,11.46666667
22,22,Louisiana,1984,10.25833333
22,22,Louisiana,1985,11.40833333
22,22,Louisiana,1986,12.375
22,22,Louisiana,1987,11.75
22,22,Louisiana,1988,10.5
22,22,Louisiana,1989,7.775
22,22,Louisiana,1990,6.308333333
22,22,Louisiana,1991,7.258333333
22,22,Louisiana,1992,7.791666667
22,22,Louisiana,1993,7.45
22,22,Louisiana,1994,7.608333333
22,22,Louisiana,1995,6.85
22,22,Louisiana,1996,6.425
22,22,Louisiana,1997,5.85
22,22,Louisiana,1998,5.516666667
22,22,Louisiana,1999,4.95
22,22,Louisiana,2000,5.125
22,22,Louisiana,2001,5.591666667
22,22,Louisiana,2002,5.966666667
22,22,Louisiana,2003,6.233333333
22,22,Louisiana,2004,5.683333333
22,22,Louisiana,2005,7.05
22,22,Louisiana,2006,4.141666667
22,22,Louisiana,2007,4.083333333
22,22,Louisiana,2008,4.666666667
22,22,Louisiana,2009,6.708333333
22,22,Louisiana,2010,7.433333333
22,22,Louisiana,2011,7.341666667
22,22,Louisiana,2012,6.716666667
22,22,Louisiana,2013,6.375
22,22,Louisiana,2014,6.241666667
22,22,Louisiana,2015,6.266666667
22,22,Louisiana,2016,6.041666667
22,22,Louisiana,2017,5.125
22,22,Louisiana,2018,4.825
22,22,Louisiana,2019,4.633333333
22,22,Louisiana,2020,8.683333333
22,22,Louisiana,2021,5.608333333
22,22,Louisiana,2022,3.666666667
22,22,Louisiana,2023,3.725
22,22,Louisiana,2024,4.341666667
22,22,Louisiana,2025,4.45
23,23,Maine,1976,8.641666667
23,23,Maine,1977,8.375
23,23,Maine,1978,6.416666667
23,23,Maine,1979,6.616666667
23,23,Maine,1980,7.491666667
23,23,Maine,1981,7.241666667
23,23,Maine,1982,8.5
23,23,Maine,1983,8.258333333
23,23,Maine,1984,6.15
23,23,Maine,1985,5.558333333
23,23,Maine,1986,5.258333333
23,23,Maine,1987,4.341666667
23,23,Maine,1988,3.675
23,23,Maine,1989,4.025
23,23,Maine,1990,5.358333333
23,23,Maine,1991,7.775
23,23,Maine,1992,7.308333333
23,23,Maine,1993,6.808333333
23,23,Maine,1994,6.591666667
23,23,Maine,1995,5.866666667
23,23,Maine,1996,5.316666667
23,23,Maine,1997,5.175
23,23,Maine,1998,4.458333333
23,23,Maine,1999,3.958333333
23,23,Maine,2000,3.308333333
23,23,Maine,2001,3.75
23,23,Maine,2002,4.433333333
23,23,Maine,2003,5.1
23,23,Maine,2004,4.666666667
23,23,Maine,2005,4.883333333
23,23,Maine,2006,4.708333333
23,23,Maine,2007,4.7
23,23,Maine,2008,5.408333333
23,23,Maine,2009,8.3
23,23,Maine,2010,8.35
23,23,Maine,2011,7.775
23,23,Maine,2012,7.208333333
23,23,Maine,2013,6.683333333
23,23,Maine,2014,5.575
23,23,Maine,2015,4.391666667
23,23,Maine,2016,3.791666667
23,23,Maine,2017,3.375
23,23,Maine,2018,3.175
23,23,Maine,2019,2.9
23,23,Maine,2020,5.116666667
23,23,Maine,2021,4.733333333
23,23,Maine,2022,2.841666667
23,23,Maine,2023,2.608333333
23,23,Maine,2024,3.083333333
23,23,Maine,2025,3.3875
24,24,Maryland,1976,6.633333333
24,24,Maryland,1977,6.091666667
24,24,Maryland,1978,5.566666667
24,24,Maryland,1979,5.8
24,24,Maryland,1980,6.45
24,24,Maryland,1981,7.258333333
24,24,Maryland,1982,8.166666667
24,24,Maryland,1983,6.95
24,24,Maryland,1984,5.4
24,24,Maryland,1985,4.616666667
24,24,Maryland,1986,4.508333333
24,24,Maryland,1987,4.308333333
24,24,Maryland,1988,4.208333333
24,24,Maryland,1989,3.775
24,24,Maryland,1990,4.4
24,24,Maryland,1991,5.816666667
24,24,Maryland,1992,6.533333333
24,24,Maryland,1993,6.058333333
24,24,Maryland,1994,5.241666667
24,24,Maryland,1995,4.975
24,24,Maryland,1996,4.941666667
24,24,Maryland,1997,4.85
24,24,Maryland,1998,4.233333333
24,24,Maryland,1999,3.425
24,24,Maryland,2000,3.575
24,24,Maryland,2001,4.141666667
24,24,Maryland,2002,4.483333333
24,24,Maryland,2003,4.475
24,24,Maryland,2004,4.308333333
24,24,Maryland,2005,4.166666667
24,24,Maryland,2006,3.85
24,24,Maryland,2007,3.441666667
24,24,Maryland,2008,4.316666667
24,24,Maryland,2009,7.133333333
24,24,Maryland,2010,7.766666667
24,24,Maryland,2011,7.283333333
24,24,Maryland,2012,6.866666667
24,24,Maryland,2013,6.566666667
24,24,Maryland,2014,5.733333333
24,24,Maryland,2015,5.033333333
24,24,Maryland,2016,4.25
24,24,Maryland,2017,4.066666667
24,24,Maryland,2018,3.808333333
24,24,Maryland,2019,3.383333333
24,24,Maryland,2020,6.516666667
24,24,Maryland,2021,5.2
24,24,Maryland,2022,2.966666667
24,24,Maryland,2023,2.191666667
24,24,Maryland,2024,3.033333333
24,24,Maryland,2025,3.2
25,25,Massachusetts,1976,9.75
25,25,Massachusetts,1977,7.85
25,25,Massachusetts,1978,6.158333333
25,25,Massachusetts,1979,5.483333333
25,25,Massachusetts,1980,5.766666667
25,25,Massachusetts,1981,6.416666667
25,25,Massachusetts,1982,7.833333333
25,25,Massachusetts,1983,6.991666667
25,25,Massachusetts,1984,4.758333333
25,25,Massachusetts,1985,4.1
25,25,Massachusetts,1986,4.016666667
25,25,Massachusetts,1987,3.341666667
25,25,Massachusetts,1988,3.3
25,25,Massachusetts,1989,4.208333333
25,25,Massachusetts,1990,6.366666667
25,25,Massachusetts,1991,8.883333333
25,25,Massachusetts,1992,8.8
25,25,Massachusetts,1993,7.291666667
25,25,Massachusetts,1994,6.225
25,25,Massachusetts,1995,5.458333333
25,25,Massachusetts,1996,4.616666667
25,25,Massachusetts,1997,4.066666667
25,25,Massachusetts,1998,3.375
25,25,Massachusetts,1999,3.283333333
25,25,Massachusetts,2000,2.808333333
25,25,Massachusetts,2001,3.791666667
25,25,Massachusetts,2002,5.241666667
25,25,Massachusetts,2003,5.741666667
25,25,Massachusetts,2004,5.133333333
25,25,Massachusetts,2005,4.791666667
25,25,Massachusetts,2006,4.691666667
25,25,Massachusetts,2007,4.516666667
25,25,Massachusetts,2008,5.316666667
25,25,Massachusetts,2009,8.15
25,25,Massachusetts,2010,8.1
25,25,Massachusetts,2011,7.233333333
25,25,Massachusetts,2012,6.7
25,25,Massachusetts,2013,6.658333333
25,25,Massachusetts,2014,5.758333333
25,25,Massachusetts,2015,4.8
25,25,Massachusetts,2016,4.016666667
25,25,Massachusetts,2017,3.833333333
25,25,Massachusetts,2018,3.458333333
25,25,Massachusetts,2019,3.05
25,25,Massachusetts,2020,9.341666667
25,25,Massachusetts,2021,5.291666667
25,25,Massachusetts,2022,3.625
25,25,Massachusetts,2023,3.491666667
25,25,Massachusetts,2024,4.008333333
25,25,Massachusetts,2025,4.5875
26,26,Michigan,1976,9.391666667
26,26,Michigan,1977,8.208333333
26,26,Michigan,1978,7.025
26,26,Michigan,1979,7.85
26,26,Michigan,1980,12.25833333
26,26,Michigan,1981,12.4
26,26,Michigan,1982,15.38333333
26,26,Michigan,1983,14.5
26,26,Michigan,1984,11.24166667
26,26,Michigan,1985,10.01666667
26,26,Michigan,1986,8.908333333
26,26,Michigan,1987,8.383333333
26,26,Michigan,1988,7.541666667
26,26,Michigan,1989,7.2
26,26,Michigan,1990,7.683333333
26,26,Michigan,1991,9.283333333
26,26,Michigan,1992,9.075
26,26,Michigan,1993,7.358333333
26,26,Michigan,1994,6.091666667
26,26,Michigan,1995,5.325
26,26,Michigan,1996,4.908333333
26,26,Michigan,1997,4.3
26,26,Michigan,1998,3.983333333
26,26,Michigan,1999,3.741666667
26,26,Michigan,2000,3.691666667
26,26,Michigan,2001,5.15
26,26,Michigan,2002,6.191666667
26,26,Michigan,2003,7.108333333
26,26,Michigan,2004,6.941666667
26,26,Michigan,2005,6.758333333
26,26,Michigan,2006,6.866666667
26,26,Michigan,2007,7.066666667
26,26,Michigan,2008,8.233333333
26,26,Michigan,2009,13.48333333
26,26,Michigan,2010,12.74166667
26,26,Michigan,2011,10.14166667
26,26,Michigan,2012,9.066666667
26,26,Michigan,2013,8.733333333
26,26,Michigan,2014,7.225
26,26,Michigan,2015,5.416666667
26,26,Michigan,2016,4.991666667
26,26,Michigan,2017,4.583333333
26,26,Michigan,2018,4.166666667
26,26,Michigan,2019,4.075
26,26,Michigan,2020,10.075
26,26,Michigan,2021,5.725
26,26,Michigan,2022,4.133333333
26,26,Michigan,2023,3.9
26,26,Michigan,2024,4.691666667
26,26,Michigan,2025,5.3625
27,27,Minnesota,1976,5.766666667
27,27,Minnesota,1977,5.283333333
27,27,Minnesota,1978,3.941666667
27,27,Minnesota,1979,4.316666667
27,27,Minnesota,1980,5.816666667
27,27,Minnesota,1981,5.741666667
27,27,Minnesota,1982,7.816666667
27,27,Minnesota,1983,8.058333333
27,27,Minnesota,1984,6.375
27,27,Minnesota,1985,5.991666667
27,27,Minnesota,1986,5.541666667
27,27,Minnesota,1987,5.133333333
27,27,Minnesota,1988,4.308333333
27,27,Minnesota,1989,4.333333333
27,27,Minnesota,1990,4.725
27,27,Minnesota,1991,5.091666667
27,27,Minnesota,1992,5.075
27,27,Minnesota,1993,4.958333333
27,27,Minnesota,1994,4.033333333
27,27,Minnesota,1995,3.658333333
27,27,Minnesota,1996,3.85
27,27,Minnesota,1997,3.225
27,27,Minnesota,1998,2.675
27,27,Minnesota,1999,2.775
27,27,Minnesota,2000,3.108333333
27,27,Minnesota,2001,3.758333333
27,27,Minnesota,2002,4.416666667
27,27,Minnesota,2003,4.758333333
27,27,Minnesota,2004,4.625
27,27,Minnesota,2005,4.108333333
27,27,Minnesota,2006,4.058333333
27,27,Minnesota,2007,4.6
27,27,Minnesota,2008,5.45
27,27,Minnesota,2009,7.7
27,27,Minnesota,2010,7.366666667
27,27,Minnesota,2011,6.575
27,27,Minnesota,2012,5.658333333
27,27,Minnesota,2013,5.041666667
27,27,Minnesota,2014,4.241666667
27,27,Minnesota,2015,3.758333333
27,27,Minnesota,2016,3.866666667
27,27,Minnesota,2017,3.441666667
27,27,Minnesota,2018,3.025
27,27,Minnesota,2019,3.275
27,27,Minnesota,2020,6.291666667
27,27,Minnesota,2021,3.683333333
27,27,Minnesota,2022,2.483333333
27,27,Minnesota,2023,2.825
27,27,Minnesota,2024,3.025
27,27,Minnesota,2025,3.25
28,28,Mississippi,1976,6.458333333
28,28,Mississippi,1977,7.191666667
28,28,Mississippi,1978,6.758333333
28,28,Mississippi,1979,5.716666667
28,28,Mississippi,1980,7.308333333
28,28,Mississippi,1981,8.533333333
28,28,Mississippi,1982,10.99166667
28,28,Mississippi,1983,12
28,28,Mississippi,1984,10.65
28,28,Mississippi,1985,10.39166667
28,28,Mississippi,1986,11.41666667
28,28,Mississippi,1987,10.075
28,28,Mississippi,1988,8.533333333
28,28,Mississippi,1989,7.858333333
28,28,Mississippi,1990,7.55
28,28,Mississippi,1991,8.375
28,28,Mississippi,1992,7.975
28,28,Mississippi,1993,6.741666667
28,28,Mississippi,1994,6.275
28,28,Mississippi,1995,6.183333333
28,28,Mississippi,1996,5.991666667
28,28,Mississippi,1997,5.716666667
28,28,Mississippi,1998,5.225
28,28,Mississippi,1999,5.091666667
28,28,Mississippi,2000,5.325
28,28,Mississippi,2001,5.45
28,28,Mississippi,2002,6.4
28,28,Mississippi,2003,6.141666667
28,28,Mississippi,2004,6.166666667
28,28,Mississippi,2005,7.65
28,28,Mississippi,2006,6.383333333
28,28,Mississippi,2007,6.133333333
28,28,Mississippi,2008,6.716666667
28,28,Mississippi,2009,9.241666667
28,28,Mississippi,2010,10.125
28,28,Mississippi,2011,9.8
28,28,Mississippi,2012,8.825
28,28,Mississippi,2013,8.491666667
28,28,Mississippi,2014,7.6
28,28,Mississippi,2015,6.45
28,28,Mississippi,2016,5.991666667
28,28,Mississippi,2017,5.208333333
28,28,Mississippi,2018,4.941666667
28,28,Mississippi,2019,5.491666667
28,28,Mississippi,2020,8
28,28,Mississippi,2021,5.408333333
28,28,Mississippi,2022,3.733333333
28,28,Mississippi,2023,3.108333333
28,28,Mississippi,2024,3.125
28,28,Mississippi,2025,3.8875
29,29,Missouri,1976,6.208333333
29,29,Missouri,1977,6.025
29,29,Missouri,1978,4.883333333
29,29,Missouri,1979,4.783333333
29,29,Missouri,1980,7.216666667
29,29,Missouri,1981,7.683333333
29,29,Missouri,1982,9.266666667
29,29,Missouri,1983,9.891666667
29,29,Missouri,1984,7.316666667
29,29,Missouri,1985,6.633333333
29,29,Missouri,1986,6.408333333
29,29,Missouri,1987,6.241666667
29,29,Missouri,1988,5.691666667
29,29,Missouri,1989,5.55
29,29,Missouri,1990,5.908333333
29,29,Missouri,1991,6.558333333
29,29,Missouri,1992,6.125
29,29,Missouri,1993,6.15
29,29,Missouri,1994,5.1
29,29,Missouri,1995,4.825
29,29,Missouri,1996,4.733333333
29,29,Missouri,1997,4.375
29,29,Missouri,1998,4.058333333
29,29,Missouri,1999,3.241666667
29,29,Missouri,2000,3.391666667
29,29,Missouri,2001,4.525
29,29,Missouri,2002,5.325
29,29,Missouri,2003,5.691666667
29,29,Missouri,2004,5.841666667
29,29,Missouri,2005,5.416666667
29,29,Missouri,2006,4.891666667
29,29,Missouri,2007,5.083333333
29,29,Missouri,2008,6.158333333
29,29,Missouri,2009,9.091666667
29,29,Missouri,2010,9.416666667
29,29,Missouri,2011,8.575
29,29,Missouri,2012,7.141666667
29,29,Missouri,2013,6.758333333
29,29,Missouri,2014,6.166666667
29,29,Missouri,2015,5.1
29,29,Missouri,2016,4.575
29,29,Missouri,2017,3.791666667
29,29,Missouri,2018,3.233333333
29,29,Missouri,2019,3.233333333
29,29,Missouri,2020,6.216666667
29,29,Missouri,2021,4.141666667
29,29,Missouri,2022,2.6
29,29,Missouri,2023,3.1
29,29,Missouri,2024,3.641666667
29,29,Missouri,2025,3.9125
30,30,Montana,1976,5.933333333
30,30,Montana,1977,6.191666667
30,30,Montana,1978,5.6
30,30,Montana,1979,5.216666667
30,30,Montana,1980,6.325
30,30,Montana,1981,6.766666667
30,30,Montana,1982,8.591666667
30,30,Montana,1983,8.75
30,30,Montana,1984,7.5
30,30,Montana,1985,7.641666667
30,30,Montana,1986,7.941666667
30,30,Montana,1987,7.458333333
30,30,Montana,1988,6.65
30,30,Montana,1989,5.958333333
30,30,Montana,1990,6.066666667
30,30,Montana,1991,6.933333333
30,30,Montana,1992,6.725
30,30,Montana,1993,6.116666667
30,30,Montana,1994,5.491666667
30,30,Montana,1995,5.708333333
30,30,Montana,1996,5.533333333
30,30,Montana,1997,5.475
30,30,Montana,1998,5.591666667
30,30,Montana,1999,5.3
30,30,Montana,2000,4.833333333
30,30,Montana,2001,4.616666667
30,30,Montana,2002,4.566666667
30,30,Montana,2003,4.733333333
30,30,Montana,2004,4.541666667
30,30,Montana,2005,4.083333333
30,30,Montana,2006,3.366666667
30,30,Montana,2007,3.391666667
30,30,Montana,2008,4.725
30,30,Montana,2009,7.1
30,30,Montana,2010,7.15
30,30,Montana,2011,6.625
30,30,Montana,2012,5.783333333
30,30,Montana,2013,5.3
30,30,Montana,2014,4.641666667
30,30,Montana,2015,4.241666667
30,30,Montana,2016,4.266666667
30,30,Montana,2017,4.1
30,30,Montana,2018,3.725
30,30,Montana,2019,3.5
30,30,Montana,2020,5.825
30,30,Montana,2021,3.391666667
30,30,Montana,2022,2.633333333
30,30,Montana,2023,2.666666667
30,30,Montana,2024,2.975
30,30,Montana,2025,2.7875
31,31,Nebraska,1976,3.108333333
31,31,Nebraska,1977,3.383333333
31,31,Nebraska,1978,2.933333333
31,31,Nebraska,1979,2.908333333
31,31,Nebraska,1980,3.833333333
31,31,Nebraska,1981,4.133333333
31,31,Nebraska,1982,5.508333333
31,31,Nebraska,1983,5.55
31,31,Nebraska,1984,4.433333333
31,31,Nebraska,1985,5.058333333
31,31,Nebraska,1986,4.858333333
31,31,Nebraska,1987,4.316666667
31,31,Nebraska,1988,3.475
31,31,Nebraska,1989,2.858333333
31,31,Nebraska,1990,2.375
31,31,Nebraska,1991,2.625
31,31,Nebraska,1992,2.816666667
31,31,Nebraska,1993,2.766666667
31,31,Nebraska,1994,2.633333333
31,31,Nebraska,1995,2.633333333
31,31,Nebraska,1996,2.7
31,31,Nebraska,1997,2.408333333
31,31,Nebraska,1998,2.516666667
31,31,Nebraska,1999,2.766666667
31,31,Nebraska,2000,2.833333333
31,31,Nebraska,2001,3.158333333
31,31,Nebraska,2002,3.658333333
31,31,Nebraska,2003,3.916666667
31,31,Nebraska,2004,3.85
31,31,Nebraska,2005,3.775
31,31,Nebraska,2006,3.041666667
31,31,Nebraska,2007,2.958333333
31,31,Nebraska,2008,3.258333333
31,31,Nebraska,2009,4.633333333
31,31,Nebraska,2010,4.641666667
31,31,Nebraska,2011,4.366666667
31,31,Nebraska,2012,3.916666667
31,31,Nebraska,2013,3.716666667
31,31,Nebraska,2014,3.233333333
31,31,Nebraska,2015,2.975
31,31,Nebraska,2016,3.108333333
31,31,Nebraska,2017,2.958333333
31,31,Nebraska,2018,2.908333333
31,31,Nebraska,2019,3.116666667
31,31,Nebraska,2020,4.266666667
31,31,Nebraska,2021,2.6
31,31,Nebraska,2022,2.15
31,31,Nebraska,2023,2.308333333
31,31,Nebraska,2024,2.775
31,31,Nebraska,2025,2.975
32,32,Nevada,1976,8.816666667
32,32,Nevada,1977,6.825
32,32,Nevada,1978,4.433333333
32,32,Nevada,1979,4.925
32,32,Nevada,1980,6.341666667
32,32,Nevada,1981,7.316666667
32,32,Nevada,1982,9.966666667
32,32,Nevada,1983,9.8
32,32,Nevada,1984,7.691666667
32,32,Nevada,1985,7.516666667
32,32,Nevada,1986,6.333333333
32,32,Nevada,1987,6.191666667
32,32,Nevada,1988,5.225
32,32,Nevada,1989,4.683333333
32,32,Nevada,1990,4.8
32,32,Nevada,1991,5.833333333
32,32,Nevada,1992,6.783333333
32,32,Nevada,1993,6.875
32,32,Nevada,1994,6.241666667
32,32,Nevada,1995,5.566666667
32,32,Nevada,1996,5.083333333
32,32,Nevada,1997,4.433333333
32,32,Nevada,1998,4.166666667
32,32,Nevada,1999,4.05
32,32,Nevada,2000,4.141666667
32,32,Nevada,2001,5.108333333
32,32,Nevada,2002,5.625
32,32,Nevada,2003,5.2
32,32,Nevada,2004,4.45
32,32,Nevada,2005,4.208333333
32,32,Nevada,2006,4.166666667
32,32,Nevada,2007,4.766666667
32,32,Nevada,2008,6.9
32,32,Nevada,2009,11.075
32,32,Nevada,2010,13.25
32,32,Nevada,2011,12.98333333
32,32,Nevada,2012,11.53333333
32,32,Nevada,2013,9.966666667
32,32,Nevada,2014,8.2
32,32,Nevada,2015,6.866666667
32,32,Nevada,2016,5.833333333
32,32,Nevada,2017,5.008333333
32,32,Nevada,2018,4.408333333
32,32,Nevada,2019,4.108333333
32,32,Nevada,2020,13.675
32,32,Nevada,2021,6.825
32,32,Nevada,2022,5.2
32,32,Nevada,2023,5.141666667
32,32,Nevada,2024,5.566666667
32,32,Nevada,2025,5.5625
33,33,New Hampshire,1976,6.416666667
33,33,New Hampshire,1977,5.541666667
33,33,New Hampshire,1978,3.816666667
33,33,New Hampshire,1979,3.133333333
33,33,New Hampshire,1980,4.525
33,33,New Hampshire,1981,5.075
33,33,New Hampshire,1982,6.85
33,33,New Hampshire,1983,5.475
33,33,New Hampshire,1984,4.225
33,33,New Hampshire,1985,3.683333333
33,33,New Hampshire,1986,2.633333333
33,33,New Hampshire,1987,2.208333333
33,33,New Hampshire,1988,2.375
33,33,New Hampshire,1989,3.375
33,33,New Hampshire,1990,5.241666667
33,33,New Hampshire,1991,6.758333333
33,33,New Hampshire,1992,7.291666667
33,33,New Hampshire,1993,6.125
33,33,New Hampshire,1994,4.5
33,33,New Hampshire,1995,3.816666667
33,33,New Hampshire,1996,3.741666667
33,33,New Hampshire,1997,3.358333333
33,33,New Hampshire,1998,2.833333333
33,33,New Hampshire,1999,2.725
33,33,New Hampshire,2000,2.666666667
33,33,New Hampshire,2001,3.408333333
33,33,New Hampshire,2002,4.466666667
33,33,New Hampshire,2003,4.433333333
33,33,New Hampshire,2004,3.825
33,33,New Hampshire,2005,3.633333333
33,33,New Hampshire,2006,3.516666667
33,33,New Hampshire,2007,3.533333333
33,33,New Hampshire,2008,3.766666667
33,33,New Hampshire,2009,6.05
33,33,New Hampshire,2010,6.058333333
33,33,New Hampshire,2011,5.491666667
33,33,New Hampshire,2012,5.475
33,33,New Hampshire,2013,5.25
33,33,New Hampshire,2014,4.316666667
33,33,New Hampshire,2015,3.391666667
33,33,New Hampshire,2016,2.891666667
33,33,New Hampshire,2017,2.808333333
33,33,New Hampshire,2018,2.633333333
33,33,New Hampshire,2019,2.55
33,33,New Hampshire,2020,6.75
33,33,New Hampshire,2021,3.475
33,33,New Hampshire,2022,2.416666667
33,33,New Hampshire,2023,2.258333333
33,33,New Hampshire,2024,2.558333333
33,33,New Hampshire,2025,3.05
34,34,New Jersey,1976,10.38333333
34,34,New Jersey,1977,9.358333333
34,34,New Jersey,1978,7.258333333
34,34,New Jersey,1979,6.841666667
34,34,New Jersey,1980,7.108333333
34,34,New Jersey,1981,7.5
34,34,New Jersey,1982,8.758333333
34,34,New Jersey,1983,8.275
34,34,New Jersey,1984,6.308333333
34,34,New Jersey,1985,5.616666667
34,34,New Jersey,1986,5.033333333
34,34,New Jersey,1987,4.041666667
34,34,New Jersey,1988,3.75
34,34,New Jersey,1989,4.041666667
34,34,New Jersey,1990,5.05
34,34,New Jersey,1991,6.758333333
34,34,New Jersey,1992,8.566666667
34,34,New Jersey,1993,7.775
34,34,New Jersey,1994,6.858333333
34,34,New Jersey,1995,6.408333333
34,34,New Jersey,1996,6.108333333
34,34,New Jersey,1997,5.325
34,34,New Jersey,1998,4.566666667
34,34,New Jersey,1999,4.441666667
34,34,New Jersey,2000,3.65
34,34,New Jersey,2001,4.225
34,34,New Jersey,2002,5.775
34,34,New Jersey,2003,5.85
34,34,New Jersey,2004,4.916666667
34,34,New Jersey,2005,4.441666667
34,34,New Jersey,2006,4.691666667
34,34,New Jersey,2007,4.208333333
34,34,New Jersey,2008,5.425
34,34,New Jersey,2009,8.833333333
34,34,New Jersey,2010,9.666666667
34,34,New Jersey,2011,9.4
34,34,New Jersey,2012,9.45
34,34,New Jersey,2013,8.416666667
34,34,New Jersey,2014,6.683333333
34,34,New Jersey,2015,5.691666667
34,34,New Jersey,2016,4.933333333
34,34,New Jersey,2017,4.516666667
34,34,New Jersey,2018,4.016666667
34,34,New Jersey,2019,3.458333333
34,34,New Jersey,2020,9.483333333
34,34,New Jersey,2021,6.691666667
34,34,New Jersey,2022,3.85
34,34,New Jersey,2023,4.275
34,34,New Jersey,2024,4.533333333
34,34,New Jersey,2025,4.7875
35,35,New Mexico,1976,8.733333333
35,35,New Mexico,1977,7.691666667
35,35,New Mexico,1978,6.166666667
35,35,New Mexico,1979,6.625
35,35,New Mexico,1980,7.558333333
35,35,New Mexico,1981,7.225
35,35,New Mexico,1982,9.041666667
35,35,New Mexico,1983,9.75
35,35,New Mexico,1984,7.7
35,35,New Mexico,1985,8.633333333
35,35,New Mexico,1986,9.216666667
35,35,New Mexico,1987,8.966666667
35,35,New Mexico,1988,7.616666667
35,35,New Mexico,1989,6.733333333
35,35,New Mexico,1990,6.666666667
35,35,New Mexico,1991,7.266666667
35,35,New Mexico,1992,7.325
35,35,New Mexico,1993,7.325
35,35,New Mexico,1994,6.508333333
35,35,New Mexico,1995,6.633333333
35,35,New Mexico,1996,7.525
35,35,New Mexico,1997,6.425
35,35,New Mexico,1998,6.233333333
35,35,New Mexico,1999,5.583333333
35,35,New Mexico,2000,5.016666667
35,35,New Mexico,2001,4.966666667
35,35,New Mexico,2002,5.475
35,35,New Mexico,2003,5.925
35,35,New Mexico,2004,5.583333333
35,35,New Mexico,2005,5.225
35,35,New Mexico,2006,4.233333333
35,35,New Mexico,2007,3.541666667
35,35,New Mexico,2008,4.375
35,35,New Mexico,2009,7.05
35,35,New Mexico,2010,7.816666667
35,35,New Mexico,2011,7.216666667
35,35,New Mexico,2012,6.95
35,35,New Mexico,2013,6.9
35,35,New Mexico,2014,6.558333333
35,35,New Mexico,2015,6.608333333
35,35,New Mexico,2016,6.783333333
35,35,New Mexico,2017,6.116666667
35,35,New Mexico,2018,4.933333333
35,35,New Mexico,2019,4.966666667
35,35,New Mexico,2020,7.925
35,35,New Mexico,2021,7.066666667
35,35,New Mexico,2022,4.066666667
35,35,New Mexico,2023,3.666666667
35,35,New Mexico,2024,4.15
35,35,New Mexico,2025,4.2625
36,36,New York,1976,10.20833333
36,36,New York,1977,9.15
36,36,New York,1978,7.708333333
36,36,New York,1979,7.091666667
36,36,New York,1980,7.425
36,36,New York,1981,7.6
36,36,New York,1982,8.7
36,36,New York,1983,8.933333333
36,36,New York,1984,7.258333333
36,36,New York,1985,6.616666667
36,36,New York,1986,6.208333333
36,36,New York,1987,4.783333333
36,36,New York,1988,4.233333333
36,36,New York,1989,4.858333333
36,36,New York,1990,5.333333333
36,36,New York,1991,7.308333333
36,36,New York,1992,8.716666667
36,36,New York,1993,7.95
36,36,New York,1994,6.925
36,36,New York,1995,6.325
36,36,New York,1996,6.241666667
36,36,New York,1997,6.416666667
36,36,New York,1998,5.583333333
36,36,New York,1999,5.183333333
36,36,New York,2000,4.5
36,36,New York,2001,4.866666667
36,36,New York,2002,6.2
36,36,New York,2003,6.416666667
36,36,New York,2004,5.808333333
36,36,New York,2005,4.95
36,36,New York,2006,4.5
36,36,New York,2007,4.425
36,36,New York,2008,5.391666667
36,36,New York,2009,8.383333333
36,36,New York,2010,8.733333333
36,36,New York,2011,8.358333333
36,36,New York,2012,8.65
36,36,New York,2013,7.816666667
36,36,New York,2014,6.291666667
36,36,New York,2015,5.216666667
36,36,New York,2016,4.875
36,36,New York,2017,4.641666667
36,36,New York,2018,4.1
36,36,New York,2019,3.891666667
36,36,New York,2020,9.908333333
36,36,New York,2021,7.083333333
36,36,New York,2022,4.291666667
36,36,New York,2023,4.041666667
36,36,New York,2024,4.308333333
36,36,New York,2025,4.1375
37,37,North Carolina,1976,6.191666667
37,37,North Carolina,1977,5.883333333
37,37,North Carolina,1978,4.558333333
37,37,North Carolina,1979,4.825
37,37,North Carolina,1980,6.391666667
37,37,North Carolina,1981,6.458333333
37,37,North Carolina,1982,9.3
37,37,North Carolina,1983,9
37,37,North Carolina,1984,6.608333333
37,37,North Carolina,1985,5.675
37,37,North Carolina,1986,5.316666667
37,37,North Carolina,1987,4.55
37,37,North Carolina,1988,3.691666667
37,37,North Carolina,1989,3.566666667
37,37,North Carolina,1990,4.125
37,37,North Carolina,1991,5.925
37,37,North Carolina,1992,6.241666667
37,37,North Carolina,1993,5.116666667
37,37,North Carolina,1994,4.408333333
37,37,North Carolina,1995,4.366666667
37,37,North Carolina,1996,4.341666667
37,37,North Carolina,1997,3.825
37,37,North Carolina,1998,3.525
37,37,North Carolina,1999,3.3
37,37,North Carolina,2000,3.75
37,37,North Carolina,2001,5.475
37,37,North Carolina,2002,6.525
37,37,North Carolina,2003,6.258333333
37,37,North Carolina,2004,5.466666667
37,37,North Carolina,2005,5.216666667
37,37,North Carolina,2006,4.733333333
37,37,North Carolina,2007,4.716666667
37,37,North Carolina,2008,5.933333333
37,37,North Carolina,2009,10.79166667
37,37,North Carolina,2010,10.8
37,37,North Carolina,2011,10.35
37,37,North Carolina,2012,9.6
37,37,North Carolina,2013,7.775
37,37,North Carolina,2014,6.116666667
37,37,North Carolina,2015,5.658333333
37,37,North Carolina,2016,5.1
37,37,North Carolina,2017,4.55
37,37,North Carolina,2018,4.008333333
37,37,North Carolina,2019,3.875
37,37,North Carolina,2020,7.325
37,37,North Carolina,2021,4.891666667
37,37,North Carolina,2022,3.675
37,37,North Carolina,2023,3.491666667
37,37,North Carolina,2024,3.616666667
37,37,North Carolina,2025,3.7
38,38,North Dakota,1976,3.791666667
38,38,North Dakota,1977,4.45
38,38,North Dakota,1978,4.166666667
38,38,North Dakota,1979,4.166666667
38,38,North Dakota,1980,4.891666667
38,38,North Dakota,1981,4.891666667
38,38,North Dakota,1982,5.525
38,38,North Dakota,1983,5.8
38,38,North Dakota,1984,5.291666667
38,38,North Dakota,1985,5.5
38,38,North Dakota,1986,5.558333333
38,38,North Dakota,1987,4.975
38,38,North Dakota,1988,4.666666667
38,38,North Dakota,1989,4.333333333
38,38,North Dakota,1990,4.158333333
38,38,North Dakota,1991,4.358333333
38,38,North Dakota,1992,4.533333333
38,38,North Dakota,1993,4.25
38,38,North Dakota,1994,3.708333333
38,38,North Dakota,1995,3.325
38,38,North Dakota,1996,3.141666667
38,38,North Dakota,1997,2.941666667
38,38,North Dakota,1998,2.966666667
38,38,North Dakota,1999,3.15
38,38,North Dakota,2000,2.908333333
38,38,North Dakota,2001,2.816666667
38,38,North Dakota,2002,3.375
38,38,North Dakota,2003,3.45
38,38,North Dakota,2004,3.358333333
38,38,North Dakota,2005,3.325
38,38,North Dakota,2006,3.116666667
38,38,North Dakota,2007,3.041666667
38,38,North Dakota,2008,3.075
38,38,North Dakota,2009,3.875
38,38,North Dakota,2010,3.658333333
38,38,North Dakota,2011,3.341666667
38,38,North Dakota,2012,2.941666667
38,38,North Dakota,2013,2.891666667
38,38,North Dakota,2014,2.666666667
38,38,North Dakota,2015,2.775
38,38,North Dakota,2016,3.016666667
38,38,North Dakota,2017,2.6
38,38,North Dakota,2018,2.391666667
38,38,North Dakota,2019,2.15
38,38,North Dakota,2020,5.008333333
38,38,North Dakota,2021,3.091666667
38,38,North Dakota,2022,2.091666667
38,38,North Dakota,2023,2.033333333
38,38,North Dakota,2024,2.408333333
38,38,North Dakota,2025,2.55
39,39,Ohio,1976,7.725
39,39,Ohio,1977,6.458333333
39,39,Ohio,1978,5.516666667
39,39,Ohio,1979,5.883333333
39,39,Ohio,1980,8.475
39,39,Ohio,1981,9.441666667
39,39,Ohio,1982,12.725
39,39,Ohio,1983,12.275
39,39,Ohio,1984,9.416666667
39,39,Ohio,1985,8.908333333
39,39,Ohio,1986,8.316666667
39,39,Ohio,1987,7.1
39,39,Ohio,1988,6.041666667
39,39,Ohio,1989,5.566666667
39,39,Ohio,1990,5.741666667
39,39,Ohio,1991,6.6
39,39,Ohio,1992,7.391666667
39,39,Ohio,1993,6.675
39,39,Ohio,1994,5.633333333
39,39,Ohio,1995,4.858333333
39,39,Ohio,1996,5
39,39,Ohio,1997,4.616666667
39,39,Ohio,1998,4.333333333
39,39,Ohio,1999,4.325
39,39,Ohio,2000,4.066666667
39,39,Ohio,2001,4.433333333
39,39,Ohio,2002,5.816666667
39,39,Ohio,2003,6.25
39,39,Ohio,2004,6.225
39,39,Ohio,2005,5.9
39,39,Ohio,2006,5.433333333
39,39,Ohio,2007,5.6
39,39,Ohio,2008,6.6
39,39,Ohio,2009,10.21666667
39,39,Ohio,2010,9.991666667
39,39,Ohio,2011,8.758333333
39,39,Ohio,2012,7.391666667
39,39,Ohio,2013,7.383333333
39,39,Ohio,2014,5.816666667
39,39,Ohio,2015,4.958333333
39,39,Ohio,2016,5.058333333
39,39,Ohio,2017,4.933333333
39,39,Ohio,2018,4.475
39,39,Ohio,2019,4.125
39,39,Ohio,2020,8.258333333
39,39,Ohio,2021,5.241666667
39,39,Ohio,2022,3.975
39,39,Ohio,2023,3.633333333
39,39,Ohio,2024,4.283333333
39,39,Ohio,2025,4.85
40,40,Oklahoma,1976,5.566666667
40,40,Oklahoma,1977,4.75
40,40,Oklahoma,1978,3.325
40,40,Oklahoma,1979,3.1
40,40,Oklahoma,1980,4.133333333
40,40,Oklahoma,1981,3.591666667
40,40,Oklahoma,1982,6.1
40,40,Oklahoma,1983,8.15
40,40,Oklahoma,1984,6.8
40,40,Oklahoma,1985,7.091666667
40,40,Oklahoma,1986,8.325
40,40,Oklahoma,1987,7.175
40,40,Oklahoma,1988,6.358333333
40,40,Oklahoma,1989,5.758333333
40,40,Oklahoma,1990,5.4
40,40,Oklahoma,1991,6
40,40,Oklahoma,1992,5.866666667
40,40,Oklahoma,1993,5.65
40,40,Oklahoma,1994,5.3
40,40,Oklahoma,1995,4.475
40,40,Oklahoma,1996,4.008333333
40,40,Oklahoma,1997,3.958333333
40,40,Oklahoma,1998,4.075
40,40,Oklahoma,1999,3.475
40,40,Oklahoma,2000,2.991666667
40,40,Oklahoma,2001,3.625
40,40,Oklahoma,2002,4.616666667
40,40,Oklahoma,2003,5.383333333
40,40,Oklahoma,2004,4.708333333
40,40,Oklahoma,2005,4.325
40,40,Oklahoma,2006,3.908333333
40,40,Oklahoma,2007,3.958333333
40,40,Oklahoma,2008,3.608333333
40,40,Oklahoma,2009,6.516666667
40,40,Oklahoma,2010,6.441666667
40,40,Oklahoma,2011,5.566666667
40,40,Oklahoma,2012,5.075
40,40,Oklahoma,2013,5.116666667
40,40,Oklahoma,2014,4.341666667
40,40,Oklahoma,2015,4.283333333
40,40,Oklahoma,2016,4.65
40,40,Oklahoma,2017,4.033333333
40,40,Oklahoma,2018,3.291666667
40,40,Oklahoma,2019,3.116666667
40,40,Oklahoma,2020,6.3
40,40,Oklahoma,2021,4.025
40,40,Oklahoma,2022,3.025
40,40,Oklahoma,2023,3.2
40,40,Oklahoma,2024,3.316666667
40,40,Oklahoma,2025,3.1875
41,41,Oregon,1976,9.275
41,41,Oregon,1977,7.425
41,41,Oregon,1978,6.116666667
41,41,Oregon,1979,6.766666667
41,41,Oregon,1980,8.391666667
41,41,Oregon,1981,9.716666667
41,41,Oregon,1982,11.33333333
41,41,Oregon,1983,10.83333333
41,41,Oregon,1984,9.291666667
41,41,Oregon,1985,8.633333333
41,41,Oregon,1986,7.933333333
41,41,Oregon,1987,6.141666667
41,41,Oregon,1988,5.741666667
41,41,Oregon,1989,5.333333333
41,41,Oregon,1990,5.4
41,41,Oregon,1991,6.175
41,41,Oregon,1992,7.233333333
41,41,Oregon,1993,6.991666667
41,41,Oregon,1994,5.275
41,41,Oregon,1995,4.766666667
41,41,Oregon,1996,5.558333333
41,41,Oregon,1997,5.55
41,41,Oregon,1998,5.641666667
41,41,Oregon,1999,5.483333333
41,41,Oregon,2000,5.183333333
41,41,Oregon,2001,6.358333333
41,41,Oregon,2002,7.45
41,41,Oregon,2003,8.016666667
41,41,Oregon,2004,7.316666667
41,41,Oregon,2005,6.166666667
41,41,Oregon,2006,5.391666667
41,41,Oregon,2007,5.158333333
41,41,Oregon,2008,6.308333333
41,41,Oregon,2009,10.63333333
41,41,Oregon,2010,10.55833333
41,41,Oregon,2011,9.458333333
41,41,Oregon,2012,8.708333333
41,41,Oregon,2013,7.75
41,41,Oregon,2014,6.641666667
41,41,Oregon,2015,5.458333333
41,41,Oregon,2016,4.75
41,41,Oregon,2017,4.066666667
41,41,Oregon,2018,4.033333333
41,41,Oregon,2019,3.725
41,41,Oregon,2020,7.575
41,41,Oregon,2021,5.15
41,41,Oregon,2022,3.925
41,41,Oregon,2023,3.758333333
41,41,Oregon,2024,4.175
41,41,Oregon,2025,4.725
42,42,Pennsylvania,1976,8.008333333
42,42,Pennsylvania,1977,7.741666667
42,42,Pennsylvania,1978,7.025
42,42,Pennsylvania,1979,7.008333333
42,42,Pennsylvania,1980,8.191666667
42,42,Pennsylvania,1981,8.316666667
42,42,Pennsylvania,1982,10.85
42,42,Pennsylvania,1983,11.01666667
42,42,Pennsylvania,1984,8.841666667
42,42,Pennsylvania,1985,7.975
42,42,Pennsylvania,1986,6.991666667
42,42,Pennsylvania,1987,5.775
42,42,Pennsylvania,1988,5.158333333
42,42,Pennsylvania,1989,4.933333333
42,42,Pennsylvania,1990,5.516666667
42,42,Pennsylvania,1991,6.925
42,42,Pennsylvania,1992,7.375
42,42,Pennsylvania,1993,6.85
42,42,Pennsylvania,1994,6.308333333
42,42,Pennsylvania,1995,5.916666667
42,42,Pennsylvania,1996,5.5
42,42,Pennsylvania,1997,5.125
42,42,Pennsylvania,1998,4.7
42,42,Pennsylvania,1999,4.491666667
42,42,Pennsylvania,2000,4.225
42,42,Pennsylvania,2001,4.825
42,42,Pennsylvania,2002,5.541666667
42,42,Pennsylvania,2003,5.7
42,42,Pennsylvania,2004,5.341666667
42,42,Pennsylvania,2005,4.991666667
42,42,Pennsylvania,2006,4.725
42,42,Pennsylvania,2007,4.591666667
42,42,Pennsylvania,2008,5.383333333
42,42,Pennsylvania,2009,8.016666667
42,42,Pennsylvania,2010,8.116666667
42,42,Pennsylvania,2011,7.7
42,42,Pennsylvania,2012,7.583333333
42,42,Pennsylvania,2013,7.05
42,42,Pennsylvania,2014,5.966666667
42,42,Pennsylvania,2015,5.416666667
42,42,Pennsylvania,2016,5.333333333
42,42,Pennsylvania,2017,4.975
42,42,Pennsylvania,2018,4.408333333
42,42,Pennsylvania,2019,4.266666667
42,42,Pennsylvania,2020,8.833333333
42,42,Pennsylvania,2021,5.9
42,42,Pennsylvania,2022,4.125
42,42,Pennsylvania,2023,3.658333333
42,42,Pennsylvania,2024,3.641666667
42,42,Pennsylvania,2025,3.9
44,44,Rhode Island,1976,8
44,44,Rhode Island,1977,8.05
44,44,Rhode Island,1978,6.325
44,44,Rhode Island,1979,6.308333333
44,44,Rhode Island,1980,7.216666667
44,44,Rhode Island,1981,7.591666667
44,44,Rhode Island,1982,9.841666667
44,44,Rhode Island,1983,8.458333333
44,44,Rhode Island,1984,5.391666667
44,44,Rhode Island,1985,4.633333333
44,44,Rhode Island,1986,4.05
44,44,Rhode Island,1987,3.725
44,44,Rhode Island,1988,2.958333333
44,44,Rhode Island,1989,3.9
44,44,Rhode Island,1990,6.225
44,44,Rhode Island,1991,8.283333333
44,44,Rhode Island,1992,9
44,44,Rhode Island,1993,7.65
44,44,Rhode Island,1994,6.675
44,44,Rhode Island,1995,6.3
44,44,Rhode Island,1996,5.183333333
44,44,Rhode Island,1997,5.35
44,44,Rhode Island,1998,4.583333333
44,44,Rhode Island,1999,4.183333333
44,44,Rhode Island,2000,4.05
44,44,Rhode Island,2001,4.491666667
44,44,Rhode Island,2002,5.05
44,44,Rhode Island,2003,5.525
44,44,Rhode Island,2004,5.283333333
44,44,Rhode Island,2005,5.141666667
44,44,Rhode Island,2006,5.258333333
44,44,Rhode Island,2007,5.116666667
44,44,Rhode Island,2008,7.625
44,44,Rhode Island,2009,11.16666667
44,44,Rhode Island,2010,11.61666667
44,44,Rhode Island,2011,11.1
44,44,Rhode Island,2012,10.3
44,44,Rhode Island,2013,9.483333333
44,44,Rhode Island,2014,7.766666667
44,44,Rhode Island,2015,6.016666667
44,44,Rhode Island,2016,5.241666667
44,44,Rhode Island,2017,4.475
44,44,Rhode Island,2018,4.05
44,44,Rhode Island,2019,3.525
44,44,Rhode Island,2020,9.258333333
44,44,Rhode Island,2021,5.6
44,44,Rhode Island,2022,3.233333333
44,44,Rhode Island,2023,2.983333333
44,44,Rhode Island,2024,4.316666667
44,44,Rhode Island,2025,4.7625
45,45,South Carolina,1976,7
45,45,South Carolina,1977,6.75
45,45,South Carolina,1978,5.575
45,45,South Carolina,1979,4.975
45,45,South Carolina,1980,6.725
45,45,South Carolina,1981,8.15
45,45,South Carolina,1982,10.8
45,45,South Carolina,1983,9.858333333
45,45,South Carolina,1984,6.966666667
45,45,South Carolina,1985,6.841666667
45,45,South Carolina,1986,6.375
45,45,South Carolina,1987,5.466666667
45,45,South Carolina,1988,4.608333333
45,45,South Carolina,1989,4.6
45,45,South Carolina,1990,4.9
45,45,South Carolina,1991,6.125
45,45,South Carolina,1992,6.75
45,45,South Carolina,1993,7.3
45,45,South Carolina,1994,6.158333333
45,45,South Carolina,1995,5.108333333
45,45,South Carolina,1996,5.683333333
45,45,South Carolina,1997,4.491666667
45,45,South Carolina,1998,3.633333333
45,45,South Carolina,1999,4.158333333
45,45,South Carolina,2000,3.7
45,45,South Carolina,2001,5.166666667
45,45,South Carolina,2002,6.075
45,45,South Carolina,2003,6.75
45,45,South Carolina,2004,6.925
45,45,South Carolina,2005,6.783333333
45,45,South Carolina,2006,6.35
45,45,South Carolina,2007,5.616666667
45,45,South Carolina,2008,6.916666667
45,45,South Carolina,2009,10.96666667
45,45,South Carolina,2010,11.08333333
45,45,South Carolina,2011,10.35833333
45,45,South Carolina,2012,9.033333333
45,45,South Carolina,2013,7.425
45,45,South Carolina,2014,6.3
45,45,South Carolina,2015,5.9
45,45,South Carolina,2016,4.9
45,45,South Carolina,2017,4.191666667
45,45,South Carolina,2018,3.366666667
45,45,South Carolina,2019,2.766666667
45,45,South Carolina,2020,6
45,45,South Carolina,2021,3.925
45,45,South Carolina,2022,3.2
45,45,South Carolina,2023,2.991666667
45,45,South Carolina,2024,4.166666667
45,45,South Carolina,2025,4.1875
46,46,South Dakota,1976,3.333333333
46,46,South Dakota,1977,3.383333333
46,46,South Dakota,1978,3.175
46,46,South Dakota,1979,3.366666667
46,46,South Dakota,1980,4.733333333
46,46,South Dakota,1981,4.783333333
46,46,South Dakota,1982,5.425
46,46,South Dakota,1983,5.158333333
46,46,South Dakota,1984,4.366666667
46,46,South Dakota,1985,4.85
46,46,South Dakota,1986,4.65
46,46,South Dakota,1987,4.333333333
46,46,South Dakota,1988,4.15
46,46,South Dakota,1989,3.925
46,46,South Dakota,1990,3.616666667
46,46,South Dakota,1991,3.525
46,46,South Dakota,1992,3.45
46,46,South Dakota,1993,3.458333333
46,46,South Dakota,1994,3.25
46,46,South Dakota,1995,3.175
46,46,South Dakota,1996,3.266666667
46,46,South Dakota,1997,2.941666667
46,46,South Dakota,1998,2.883333333
46,46,South Dakota,1999,2.716666667
46,46,South Dakota,2000,2.516666667
46,46,South Dakota,2001,3
46,46,South Dakota,2002,3.258333333
46,46,South Dakota,2003,3.475
46,46,South Dakota,2004,3.566666667
46,46,South Dakota,2005,3.516666667
46,46,South Dakota,2006,3.008333333
46,46,South Dakota,2007,2.85
46,46,South Dakota,2008,3.075
46,46,South Dakota,2009,4.6
46,46,South Dakota,2010,4.858333333
46,46,South Dakota,2011,4.558333333
46,46,South Dakota,2012,4.016666667
46,46,South Dakota,2013,3.7
46,46,South Dakota,2014,3.341666667
46,46,South Dakota,2015,3.025
46,46,South Dakota,2016,3
46,46,South Dakota,2017,3.016666667
46,46,South Dakota,2018,2.766666667
46,46,South Dakota,2019,2.741666667
46,46,South Dakota,2020,4.141666667
46,46,South Dakota,2021,2.541666667
46,46,South Dakota,2022,1.891666667
46,46,South Dakota,2023,1.8
46,46,South Dakota,2024,1.8
46,46,South Dakota,2025,1.85
47,47,Tennessee,1976,6.116666667
47,47,Tennessee,1977,6.225
47,47,Tennessee,1978,5.766666667
47,47,Tennessee,1979,5.875
47,47,Tennessee,1980,7.391666667
47,47,Tennessee,1981,8.866666667
47,47,Tennessee,1982,11.80833333
47,47,Tennessee,1983,11.54166667
47,47,Tennessee,1984,8.7
47,47,Tennessee,1985,7.925
47,47,Tennessee,1986,7.883333333
47,47,Tennessee,1987,6.65
47,47,Tennessee,1988,5.775
47,47,Tennessee,1989,5.1
47,47,Tennessee,1990,5.366666667
47,47,Tennessee,1991,6.666666667
47,47,Tennessee,1992,6.441666667
47,47,Tennessee,1993,5.783333333
47,47,Tennessee,1994,4.8
47,47,Tennessee,1995,5.125
47,47,Tennessee,1996,5.2
47,47,Tennessee,1997,5.225
47,47,Tennessee,1998,4.35
47,47,Tennessee,1999,3.958333333
47,47,Tennessee,2000,3.833333333
47,47,Tennessee,2001,4.591666667
47,47,Tennessee,2002,5.175
47,47,Tennessee,2003,5.533333333
47,47,Tennessee,2004,5.35
47,47,Tennessee,2005,5.5
47,47,Tennessee,2006,5.216666667
47,47,Tennessee,2007,4.65
47,47,Tennessee,2008,6.508333333
47,47,Tennessee,2009,10.38333333
47,47,Tennessee,2010,9.8
47,47,Tennessee,2011,9.041666667
47,47,Tennessee,2012,7.925
47,47,Tennessee,2013,7.625
47,47,Tennessee,2014,6.575
47,47,Tennessee,2015,5.525
47,47,Tennessee,2016,4.741666667
47,47,Tennessee,2017,3.733333333
47,47,Tennessee,2018,3.5
47,47,Tennessee,2019,3.333333333
47,47,Tennessee,2020,7.491666667
47,47,Tennessee,2021,4.466666667
47,47,Tennessee,2022,3.35
47,47,Tennessee,2023,3.225
47,47,Tennessee,2024,3.408333333
47,47,Tennessee,2025,3.5875
48,48,Texas,1976,5.841666667
48,48,Texas,1977,5.433333333
48,48,Texas,1978,4.866666667
48,48,Texas,1979,4.408333333
48,48,Texas,1980,5.25
48,48,Texas,1981,5.333333333
48,48,Texas,1982,6.908333333
48,48,Texas,1983,8.075
48,48,Texas,1984,6.133333333
48,48,Texas,1985,7.025
48,48,Texas,1986,8.825
48,48,Texas,1987,8.525
48,48,Texas,1988,7.416666667
48,48,Texas,1989,6.733333333
48,48,Texas,1990,6.366666667
48,48,Texas,1991,6.983333333
48,48,Texas,1992,7.708333333
48,48,Texas,1993,7.233333333
48,48,Texas,1994,6.566666667
48,48,Texas,1995,6.116666667
48,48,Texas,1996,5.75
48,48,Texas,1997,5.391666667
48,48,Texas,1998,4.966666667
48,48,Texas,1999,4.725
48,48,Texas,2000,4.366666667
48,48,Texas,2001,4.958333333
48,48,Texas,2002,6.366666667
48,48,Texas,2003,6.758333333
48,48,Texas,2004,6.025
48,48,Texas,2005,5.475
48,48,Texas,2006,4.975
48,48,Texas,2007,4.341666667
48,48,Texas,2008,4.866666667
48,48,Texas,2009,7.591666667
48,48,Texas,2010,8.25
48,48,Texas,2011,8.033333333
48,48,Texas,2012,6.708333333
48,48,Texas,2013,6.316666667
48,48,Texas,2014,5.183333333
48,48,Texas,2015,4.466666667
48,48,Texas,2016,4.666666667
48,48,Texas,2017,4.358333333
48,48,Texas,2018,3.916666667
48,48,Texas,2019,3.525
48,48,Texas,2020,7.725
48,48,Texas,2021,5.625
48,48,Texas,2022,3.916666667
48,48,Texas,2023,4.016666667
48,48,Texas,2024,4.091666667
48,48,Texas,2025,4.075
49,49,Utah,1976,5.6
49,49,Utah,1977,5.191666667
49,49,Utah,1978,3.858333333
49,49,Utah,1979,4.391666667
49,49,Utah,1980,6.266666667
49,49,Utah,1981,6.641666667
49,49,Utah,1982,8.125
49,49,Utah,1983,8.991666667
49,49,Utah,1984,6.566666667
49,49,Utah,1985,6.05
49,49,Utah,1986,6.158333333
49,49,Utah,1987,6.225
49,49,Utah,1988,4.95
49,49,Utah,1989,4.591666667
49,49,Utah,1990,4.366666667
49,49,Utah,1991,4.758333333
49,49,Utah,1992,4.858333333
49,49,Utah,1993,4.05
49,49,Utah,1994,3.741666667
49,49,Utah,1995,3.441666667
49,49,Utah,1996,3.375
49,49,Utah,1997,3.166666667
49,49,Utah,1998,3.558333333
49,49,Utah,1999,3.508333333
49,49,Utah,2000,3.333333333
49,49,Utah,2001,4.383333333
49,49,Utah,2002,5.666666667
49,49,Utah,2003,5.575
49,49,Utah,2004,5
49,49,Utah,2005,4.041666667
49,49,Utah,2006,2.866666667
49,49,Utah,2007,2.558333333
49,49,Utah,2008,3.341666667
49,49,Utah,2009,7.625
49,49,Utah,2010,8.258333333
49,49,Utah,2011,7.216666667
49,49,Utah,2012,4.758333333
49,49,Utah,2013,4.191666667
49,49,Utah,2014,3.625
49,49,Utah,2015,3.5
49,49,Utah,2016,3.333333333
49,49,Utah,2017,3.158333333
49,49,Utah,2018,2.916666667
49,49,Utah,2019,2.541666667
49,49,Utah,2020,4.833333333
49,49,Utah,2021,2.766666667
49,49,Utah,2022,2.366666667
49,49,Utah,2023,2.666666667
49,49,Utah,2024,3.191666667
49,49,Utah,2025,3.2
50,50,Vermont,1976,8.233333333
50,50,Vermont,1977,6.983333333
50,50,Vermont,1978,5.508333333
50,50,Vermont,1979,5.041666667
50,50,Vermont,1980,6.083333333
50,50,Vermont,1981,5.741666667
50,50,Vermont,1982,7.05
50,50,Vermont,1983,6.466666667
50,50,Vermont,1984,4.858333333
50,50,Vermont,1985,4.608333333
50,50,Vermont,1986,4.241666667
50,50,Vermont,1987,3.633333333
50,50,Vermont,1988,3.016666667
50,50,Vermont,1989,3.55
50,50,Vermont,1990,4.808333333
50,50,Vermont,1991,6.341666667
50,50,Vermont,1992,6.008333333
50,50,Vermont,1993,5.025
50,50,Vermont,1994,4.4
50,50,Vermont,1995,4.175
50,50,Vermont,1996,4.2
50,50,Vermont,1997,3.908333333
50,50,Vermont,1998,3.4
50,50,Vermont,1999,3.066666667
50,50,Vermont,2000,2.775
50,50,Vermont,2001,3.216666667
50,50,Vermont,2002,3.941666667
50,50,Vermont,2003,4.341666667
50,50,Vermont,2004,3.641666667
50,50,Vermont,2005,3.475
50,50,Vermont,2006,3.683333333
50,50,Vermont,2007,3.883333333
50,50,Vermont,2008,4.483333333
50,50,Vermont,2009,6.516666667
50,50,Vermont,2010,6.208333333
50,50,Vermont,2011,5.4
50,50,Vermont,2012,4.783333333
50,50,Vermont,2013,4.416666667
50,50,Vermont,2014,3.908333333
50,50,Vermont,2015,3.475
50,50,Vermont,2016,3.125
50,50,Vermont,2017,2.95
50,50,Vermont,2018,2.5
50,50,Vermont,2019,2.1
50,50,Vermont,2020,5.65
50,50,Vermont,2021,3.616666667
50,50,Vermont,2022,2.35
50,50,Vermont,2023,1.908333333
50,50,Vermont,2024,2.3
50,50,Vermont,2025,2.5875
51,51,Virginia,1976,5.858333333
51,51,Virginia,1977,5.458333333
51,51,Virginia,1978,5.183333333
51,51,Virginia,1979,4.758333333
51,51,Virginia,1980,5.283333333
51,51,Virginia,1981,5.883333333
51,51,Virginia,1982,7.333333333
51,51,Virginia,1983,6.283333333
51,51,Virginia,1984,5.058333333
51,51,Virginia,1985,5.308333333
51,51,Virginia,1986,4.908333333
51,51,Virginia,1987,4.2
51,51,Virginia,1988,3.916666667
51,51,Virginia,1989,3.9
51,51,Virginia,1990,4.45
51,51,Virginia,1991,5.816666667
51,51,Virginia,1992,6.033333333
51,51,Virginia,1993,5.141666667
51,51,Virginia,1994,4.758333333
51,51,Virginia,1995,4.416666667
51,51,Virginia,1996,4.225
51,51,Virginia,1997,3.6
51,51,Virginia,1998,2.825
51,51,Virginia,1999,2.675
51,51,Virginia,2000,2.291666667
51,51,Virginia,2001,3.166666667
51,51,Virginia,2002,4.191666667
51,51,Virginia,2003,4.108333333
51,51,Virginia,2004,3.716666667
51,51,Virginia,2005,3.491666667
51,51,Virginia,2006,3.075
51,51,Virginia,2007,3.075
51,51,Virginia,2008,4.075
51,51,Virginia,2009,6.766666667
51,51,Virginia,2010,6.808333333
51,51,Virginia,2011,6.283333333
51,51,Virginia,2012,5.816666667
51,51,Virginia,2013,5.525
51,51,Virginia,2014,5.066666667
51,51,Virginia,2015,4.375
51,51,Virginia,2016,4
51,51,Virginia,2017,3.625
51,51,Virginia,2018,3
51,51,Virginia,2019,2.725
51,51,Virginia,2020,6.516666667
51,51,Virginia,2021,3.833333333
51,51,Virginia,2022,2.691666667
51,51,Virginia,2023,2.691666667
51,51,Virginia,2024,2.841666667
51,51,Virginia,2025,3.3375
53,53,Washington,1976,8.758333333
53,53,Washington,1977,8.375
53,53,Washington,1978,6.766666667
53,53,Washington,1979,6.75
53,53,Washington,1980,7.933333333
53,53,Washington,1981,9.333333333
53,53,Washington,1982,11.73333333
53,53,Washington,1983,11.125
53,53,Washington,1984,9.266666667
53,53,Washington,1985,8.3
53,53,Washington,1986,8.075
53,53,Washington,1987,7.258333333
53,53,Washington,1988,6.291666667
53,53,Washington,1989,5.85
53,53,Washington,1990,5.166666667
53,53,Washington,1991,6.141666667
53,53,Washington,1992,7.183333333
53,53,Washington,1993,7.175
53,53,Washington,1994,6.341666667
53,53,Washington,1995,6.208333333
53,53,Washington,1996,5.891666667
53,53,Washington,1997,4.9
53,53,Washington,1998,4.775
53,53,Washington,1999,4.85
53,53,Washington,2000,5.058333333
53,53,Washington,2001,6.05
53,53,Washington,2002,7.15
53,53,Washington,2003,7.266666667
53,53,Washington,2004,6.25
53,53,Washington,2005,5.575
53,53,Washington,2006,4.991666667
53,53,Washington,2007,4.608333333
53,53,Washington,2008,5.2
53,53,Washington,2009,9.041666667
53,53,Washington,2010,9.991666667
53,53,Washington,2011,9.433333333
53,53,Washington,2012,8.441666667
53,53,Washington,2013,6.625
53,53,Washington,2014,5.933333333
53,53,Washington,2015,5.441666667
53,53,Washington,2016,5.191666667
53,53,Washington,2017,4.65
53,53,Washington,2018,4.4
53,53,Washington,2019,4.183333333
53,53,Washington,2020,8.7
53,53,Washington,2021,5.191666667
53,53,Washington,2022,4.058333333
53,53,Washington,2023,4.2
53,53,Washington,2024,4.508333333
53,53,Washington,2025,4.4375
54,54,West Virginia,1976,7.183333333
54,54,West Virginia,1977,6.908333333
54,54,West Virginia,1978,6.391666667
54,54,West Virginia,1979,7.35
54,54,West Virginia,1980,10.13333333
54,54,West Virginia,1981,10.59166667
54,54,West Virginia,1982,14.00833333
54,54,West Virginia,1983,17.075
54,54,West Virginia,1984,14.08333333
54,54,West Virginia,1985,13.175
54,54,West Virginia,1986,12.03333333
54,54,West Virginia,1987,10.9
54,54,West Virginia,1988,9.841666667
54,54,West Virginia,1989,8.658333333
54,54,West Virginia,1990,8.641666667
54,54,West Virginia,1991,10.68333333
54,54,West Virginia,1992,11.20833333
54,54,West Virginia,1993,10.275
54,54,West Virginia,1994,8.8
54,54,West Virginia,1995,7.975
54,54,West Virginia,1996,7.65
54,54,West Virginia,1997,6.991666667
54,54,West Virginia,1998,6.65
54,54,West Virginia,1999,6.441666667
54,54,West Virginia,2000,5.558333333
54,54,West Virginia,2001,5.283333333
54,54,West Virginia,2002,6.075
54,54,West Virginia,2003,6.125
54,54,West Virginia,2004,5.375
54,54,West Virginia,2005,5.041666667
54,54,West Virginia,2006,4.775
54,54,West Virginia,2007,4.475
54,54,West Virginia,2008,4.525
54,54,West Virginia,2009,7.975
54,54,West Virginia,2010,8.4
54,54,West Virginia,2011,7.708333333
54,54,West Virginia,2012,7.2
54,54,West Virginia,2013,6.708333333
54,54,West Virginia,2014,6.491666667
54,54,West Virginia,2015,6.541666667
54,54,West Virginia,2016,6.075
54,54,West Virginia,2017,5.2
54,54,West Virginia,2018,5.141666667
54,54,West Virginia,2019,4.925
54,54,West Virginia,2020,8.333333333
54,54,West Virginia,2021,5.141666667
54,54,West Virginia,2022,3.858333333
54,54,West Virginia,2023,3.858333333
54,54,West Virginia,2024,4.091666667
54,54,West Virginia,2025,3.8
55,55,Wisconsin,1976,5.55
55,55,Wisconsin,1977,5.075
55,55,Wisconsin,1978,4.866666667
55,55,Wisconsin,1979,4.525
55,55,Wisconsin,1980,7.333333333
55,55,Wisconsin,1981,7.858333333
55,55,Wisconsin,1982,10.375
55,55,Wisconsin,1983,9.85
55,55,Wisconsin,1984,7.283333333
55,55,Wisconsin,1985,7.133333333
55,55,Wisconsin,1986,6.791666667
55,55,Wisconsin,1987,5.733333333
55,55,Wisconsin,1988,4.391666667
55,55,Wisconsin,1989,4.308333333
55,55,Wisconsin,1990,4.408333333
55,55,Wisconsin,1991,5.366666667
55,55,Wisconsin,1992,5.1
55,55,Wisconsin,1993,4.458333333
55,55,Wisconsin,1994,4.266666667
55,55,Wisconsin,1995,3.725
55,55,Wisconsin,1996,3.608333333
55,55,Wisconsin,1997,3.491666667
55,55,Wisconsin,1998,3.275
55,55,Wisconsin,1999,3.066666667
55,55,Wisconsin,2000,3.391666667
55,55,Wisconsin,2001,4.425
55,55,Wisconsin,2002,5.316666667
55,55,Wisconsin,2003,5.608333333
55,55,Wisconsin,2004,4.966666667
55,55,Wisconsin,2005,4.708333333
55,55,Wisconsin,2006,4.691666667
55,55,Wisconsin,2007,4.825
55,55,Wisconsin,2008,4.941666667
55,55,Wisconsin,2009,8.833333333
55,55,Wisconsin,2010,8.416666667
55,55,Wisconsin,2011,7.55
55,55,Wisconsin,2012,6.916666667
55,55,Wisconsin,2013,6.666666667
55,55,Wisconsin,2014,5.366666667
55,55,Wisconsin,2015,4.416666667
55,55,Wisconsin,2016,3.933333333
55,55,Wisconsin,2017,3.283333333
55,55,Wisconsin,2018,3
55,55,Wisconsin,2019,3.208333333
55,55,Wisconsin,2020,6.433333333
55,55,Wisconsin,2021,3.791666667
55,55,Wisconsin,2022,2.808333333
55,55,Wisconsin,2023,2.8
55,55,Wisconsin,2024,2.966666667
55,55,Wisconsin,2025,3.2
56,56,Wyoming,1976,3.9
56,56,Wyoming,1977,3.316666667
56,56,Wyoming,1978,2.9
56,56,Wyoming,1979,2.6
56,56,Wyoming,1980,3.866666667
56,56,Wyoming,1981,4.141666667
56,56,Wyoming,1982,5.933333333
56,56,Wyoming,1983,7.825
56,56,Wyoming,1984,6.258333333
56,56,Wyoming,1985,6.983333333
56,56,Wyoming,1986,8.466666667
56,56,Wyoming,1987,7.925
56,56,Wyoming,1988,6.366666667
56,56,Wyoming,1989,6.008333333
56,56,Wyoming,1990,5.15
56,56,Wyoming,1991,5.058333333
56,56,Wyoming,1992,5.466666667
56,56,Wyoming,1993,5.341666667
56,56,Wyoming,1994,4.9
56,56,Wyoming,1995,4.766666667
56,56,Wyoming,1996,4.991666667
56,56,Wyoming,1997,4.783333333
56,56,Wyoming,1998,4.8
56,56,Wyoming,1999,4.716666667
56,56,Wyoming,2000,3.791666667
56,56,Wyoming,2001,3.875
56,56,Wyoming,2002,4.058333333
56,56,Wyoming,2003,4.358333333
56,56,Wyoming,2004,3.833333333
56,56,Wyoming,2005,3.566666667
56,56,Wyoming,2006,3.075
56,56,Wyoming,2007,2.733333333
56,56,Wyoming,2008,3
56,56,Wyoming,2009,6.283333333
56,56,Wyoming,2010,6.875
56,56,Wyoming,2011,6.066666667
56,56,Wyoming,2012,5.441666667
56,56,Wyoming,2013,4.716666667
56,56,Wyoming,2014,4.358333333
56,56,Wyoming,2015,4.25
56,56,Wyoming,2016,5.275
56,56,Wyoming,2017,4.341666667
56,56,Wyoming,2018,4.066666667
56,56,Wyoming,2019,3.733333333
56,56,Wyoming,2020,5.858333333
56,56,Wyoming,2021,4.55
56,56,Wyoming,2022,3.433333333
56,56,Wyoming,2023,2.883333333
56,56,Wyoming,2024,3.216666667
56,56,Wyoming,2025,3.3625
